Well name,NS degrees,EW degrees
8/10-4 S,57° 3' 53.8'' N,3° 2' 43.6'' E
6305/7-1,63° 21' 47.6'' N,5° 15' 43.73'' E
34/8-13 A,61° 24' 15.8'' N,2° 34' 52'' E
2/7-19 R,56° 20' 19.1'' N,3° 6' 12.2'' E
34/8-7,61° 19' 9.07'' N,2° 33' 32.15'' E
31/2-18 A,60° 54' 10.49'' N,3° 34' 41.79'' E
34/10-14,61° 14' 0.5'' N,2° 15' 18.87'' E
31/2-12,60° 50' 5.4'' N,3° 30' 48.47'' E
7/12-4 R,57° 5' 36.66'' N,2° 51' 36.96'' E
7120/1-3,71° 54' 10.37'' N,20° 16' 10.85'' E
9/3-2,57° 49' 25.79'' N,4° 42' 39.64'' E
31/2-4 R2,60° 51' 23.57'' N,3° 30' 44.33'' E
24/9-14 S,59° 21' 51.91'' N,1° 46' 52.29'' E
6407/12-3,64° 14' 17.73'' N,7° 48' 54.34'' E
25/4-12 A,59° 30' 39.22'' N,2° 4' 27.28'' E
25/1-2,59° 56' 8'' N,2° 4' 54.6'' E
35/11-7,61° 1' 59.74'' N,3° 35' 26.23'' E
7228/9-1 S,72° 23' 48.36'' N,28° 43' 8.67'' E
25/2-16 S,59° 45' 7.67'' N,2° 24' 33.1'' E
6407/9-2,64° 24' 1.31'' N,7° 48' 11.26'' E
34/10-39 S,61° 12' 44.79'' N,2° 1' 32.11'' E
25/1-5,59° 52' 27.92'' N,2° 6' 36.99'' E
2/1-8,56° 53' 40.63'' N,3° 6' 55.95'' E
34/8-1,61° 21' 53.5'' N,2° 25' 57.57'' E
35/3-7 S,61° 50' 7.24'' N,3° 49' 31.83'' E
7122/7-5 A,71° 16' 24.7'' N,22° 16' 40.43'' E
1/9-4 R,56° 29' 3.76'' N,2° 56' 0.29'' E
1/9-1 R,56° 24' 5.07'' N,2° 54' 6.49'' E
7/11-3,57° 2' 58.8'' N,2° 28' 18.8'' E
34/7-29 SR,61° 21' 51.69'' N,2° 2' 23.37'' E
30/6-12,60° 33' 15.59'' N,2° 49' 23.31'' E
33/9-21 A,61° 23' 48.26'' N,1° 44' 27.25'' E
34/3-4 S,61° 48' 7.42'' N,2° 52' 5.97'' E
15/8-1,58° 21' 48.1'' N,1° 34' 22.31'' E
7121/5-1,71° 35' 54.88'' N,21° 24' 21.78'' E
6507/7-12,65° 26' 46.16'' N,7° 18' 17.82'' E
31/6-8,60° 33' 21.36'' N,3° 40' 39.07'' E
6706/11-2,67° 3' 56.97'' N,6° 32' 57.4'' E
6406/2-5 A,64° 55' 53.83'' N,6° 26' 58.65'' E
34/10-52 S,61° 4' 16.1'' N,2° 11' 31.33'' E
7123/4-1 S,71° 36' 49.3'' N,23° 3' 48.7'' E
30/8-1 A,60° 27' 46.93'' N,2° 38' 6.53'' E
35/11-22 S,61° 5' 2.27'' N,3° 20' 56.92'' E
6407/7-4,64° 15' 43.43'' N,7° 13' 25.84'' E
7219/12-3 S,72° 12' 3.51'' N,19° 43' 2.12'' E
31/3-2,60° 52' 11.41'' N,3° 40' 41.79'' E
7220/11-3,72° 1' 12.62'' N,20° 31' 41.23'' E
16/1-26 S,58° 55' 20.15'' N,2° 11' 53.03'' E
30/9-6,60° 23' 3.77'' N,2° 49' 55.59'' E
16/2-11 A,58° 48' 13.06'' N,2° 34' 19.92'' E
7321/8-1,73° 20' 11.99'' N,21° 24' 57.27'' E
33/9-22 S,61° 23' 8.77'' N,1° 57' 34.27'' E
6306/6-1,63° 30' 1.45'' N,6° 49' 14.42'' E
2/11-1,56° 14' 16.98'' N,3° 27' 7.05'' E
35/1-1,61° 50' 9.11'' N,3° 4' 24.21'' E
16/3-2,58° 47' 12.8'' N,2° 47' 34.7'' E
6406/2-4 S,64° 47' 58.34'' N,6° 32' 29.26'' E
31/2-4 R,60° 51' 23.57'' N,3° 30' 44.33'' E
1/9-2,56° 23' 52.77'' N,2° 55' 34.63'' E
6608/11-6,66° 6' 50.6'' N,8° 23' 0.1'' E
25/8-1,59° 15' 2'' N,2° 29' 35.41'' E
25/8-16 S,59° 24' 56.25'' N,2° 29' 2.34'' E
6406/1-3 R2,64° 54' 25.97'' N,6° 8' 25.34'' E
9/4-4,57° 42' 1.48'' N,4° 13' 20.79'' E
16/1-22 S,58° 54' 23.09'' N,2° 9' 43.41'' E
6603/5-1 S,66° 34' 33.21'' N,3° 32' 46.05'' E
34/10-49 B,61° 7' 45.06'' N,2° 5' 26.13'' E
25/2-3,59° 49' 9.7'' N,2° 21' 21.4'' E
6407/1-1,64° 47' 51.66'' N,7° 2' 21.62'' E
11/5-1,57° 36' 46.27'' N,6° 36' 24.09'' E
6609/11-1,66° 8' 13.9'' N,9° 33' 47.89'' E
6306/5-2,63° 43' 52.29'' N,6° 34' 27.26'' E
30/9-12 A,60° 25' 57.09'' N,2° 51' 34.9'' E
34/4-10 R,61° 37' 33.33'' N,2° 4' 30.47'' E
34/8-7 R,61° 19' 9.07'' N,2° 33' 32.15'' E
6407/7-6,64° 17' 40.66'' N,7° 6' 16.31'' E
16/1-21 A,58° 55' 41.83'' N,2° 13' 22.97'' E
17/6-1,58° 44' 15.46'' N,3° 55' 34.93'' E
25/2-2,59° 53' 34.8'' N,2° 20' 15'' E
34/8-8,61° 22' 46.19'' N,2° 28' 43.81'' E
2/4-3,56° 32' 42.12'' N,3° 14' 55.49'' E
31/1-1,60° 49' 8.86'' N,3° 18' 54.13'' E
6204/11-3,62° 3' 52.06'' N,4° 22' 10.42'' E
2/7-29,56° 18' 43.62'' N,3° 4' 55.28'' E
16/7-10,58° 29' 56.56'' N,2° 1' 31.42'' E
30/6-24 S,60° 42' 2.74'' N,2° 41' 34.28'' E
17/11-1,58° 12' 36'' N,3° 20' 34.9'' E
16/4-5,58° 43' 43.92'' N,2° 17' 32.19'' E
33/9-4,61° 19' 46.57'' N,1° 54' 43.04'' E
6608/10-18 B,66° 6' 9.54'' N,8° 4' 23.11'' E
25/1-13,59° 49' 15.46'' N,2° 16' 37.04'' E
25/11-20,59° 8' 44.62'' N,2° 33' 44.27'' E
16/7-8 S,58° 20' 22.06'' N,2° 0' 35.15'' E
30/6-26,60° 31' 39.7'' N,2° 42' 37.61'' E
2/8-13,56° 23' 21.65'' N,3° 23' 57.58'' E
16/1-27,58° 50' 18.11'' N,2° 11' 56.79'' E
7325/4-1,73° 38' 57.55'' N,25° 10' 41.74'' E
6407/2-2,64° 59' 39.64'' N,7° 31' 53.08'' E
2/5-5,56° 34' 54.4'' N,3° 25' 49.1'' E
6305/9-1,63° 17' 59.96'' N,5° 59' 14.63'' E
30/9-23,60° 27' 32.76'' N,2° 59' 7.64'' E
30/9-8,60° 25' 26.1'' N,2° 47' 58.38'' E
6607/12-3,66° 9' 37.23'' N,7° 56' 34.01'' E
30/2-2,60° 49' 53.89'' N,2° 39' 51.65'' E
31/5-5,60° 41' 49.66'' N,3° 29' 8.74'' E
30/6-17 A,60° 34' 15.77'' N,2° 44' 59.84'' E
15/12-9 S,58° 4' 40.43'' N,1° 53' 25.75'' E
30/9-10,60° 23' 23.2'' N,2° 47' 13.16'' E
36/7-1,61° 21' 13.49'' N,4° 0' 57.22'' E
1/5-2,56° 34' 41.59'' N,2° 38' 30.53'' E
2/4-17,56° 41' 2.6'' N,3° 13' 45.2'' E
16/2-14,58° 50' 25.97'' N,2° 31' 2.14'' E
24/9-6,59° 29' 1.5'' N,1° 57' 27.14'' E
7/7-3,57° 27' 41.61'' N,2° 16' 20.96'' E
15/6-2 R,58° 32' 47.58'' N,1° 41' 54.09'' E
6506/12-3,65° 1' 31.09'' N,6° 53' 27.35'' E
33/2-2 S,61° 45' 7.58'' N,1° 36' 40.6'' E
7122/2-1,71° 57' 40.28'' N,22° 38' 40.1'' E
30/5-3 A,60° 39' 26.2'' N,2° 39' 33.2'' E
6507/5-6 S,65° 44' 19.36'' N,7° 39' 20.52'' E
30/3-7 B,60° 46' 57.98'' N,2° 53' 51.95'' E
25/10-8,59° 1' 48.48'' N,2° 13' 25.35'' E
7324/2-1,73° 51' 47.9'' N,24° 32' 29.9'' E
34/10-47 A,61° 10' 52.5'' N,2° 3' 11.1'' E
16/2-22 S,58° 55' 33.5'' N,2° 24' 33.2'' E
34/10-45 B,61° 12' 9.93'' N,2° 12' 5.93'' E
16/4-7,58° 31' 37.87'' N,2° 8' 34.4'' E
31/2-10,60° 47' 38.94'' N,3° 29' 39.46'' E
35/3-1,61° 50' 41.89'' N,3° 43' 41.36'' E
1/3-8,56° 52' 7.14'' N,2° 53' 20.75'' E
16/4-1,58° 38' 18.33'' N,2° 8' 17.03'' E
24/9-2,59° 16' 12.43'' N,1° 55' 12.26'' E
35/11-15 S,61° 6' 50.28'' N,3° 31' 19.94'' E
15/6-10,58° 40' 55.75'' N,1° 50' 15.24'' E
15/9-6,58° 27' 13.5'' N,1° 41' 31.4'' E
6704/12-1,67° 7' 25'' N,4° 42' 44.7'' E
34/7-36 S,61° 21' 46.02'' N,2° 18' 20.84'' E
32/4-2,60° 30' 37.36'' N,4° 9' 18.03'' E
31/2-14,60° 51' 26.52'' N,3° 25' 37.68'' E
7125/4-3,71° 30' 56.4'' N,25° 12' 56.6'' E
3/8-1,56° 27' 16.93'' N,4° 25' 7.3'' E
25/10-16 B,59° 2' 13.13'' N,2° 13' 41.38'' E
7220/10-1,72° 0' 57.34'' N,20° 3' 25.01'' E
25/8-10 S,59° 16' 22.69'' N,2° 32' 6.4'' E
25/5-7,59° 39' 43.26'' N,2° 34' 15.39'' E
1/9-1,56° 24' 5.07'' N,2° 54' 6.49'' E
6507/7-1,65° 27' 16.73'' N,7° 12' 52.77'' E
30/9-27 S,60° 24' 0.53'' N,2° 40' 15.76'' E
2/4-22 S,56° 42' 58.2'' N,3° 10' 2.98'' E
7122/7-2,71° 17' 28.46'' N,22° 16' 57.22'' E
6608/10-8,66° 3' 34.07'' N,8° 10' 42.92'' E
2/7-1,56° 25' 44.68'' N,3° 12' 14.21'' E
6506/9-3,65° 15' 5.03'' N,6° 54' 15.61'' E
7/12-2,57° 6' 41.05'' N,2° 50' 51.04'' E
2/2-5,56° 50' 5.8'' N,3° 27' 22.9'' E
25/7-1 S,59° 18' 35.23'' N,2° 16' 5.37'' E
6608/11-5,66° 11' 9.57'' N,8° 28' 50.39'' E
2/5-10 A,56° 41' 21.66'' N,3° 29' 27.32'' E
6505/10-1,65° 7' 59.69'' N,5° 10' 29.39'' E
15/12-5,58° 4' 53.36'' N,1° 54' 53.24'' E
7122/7-4 S,71° 15' 13.07'' N,22° 19' 5.41'' E
30/9-12,60° 25' 57.09'' N,2° 51' 34.9'' E
35/11-23 A,61° 1' 14.7'' N,3° 27' 49.21'' E
15/6-1,58° 32' 48.26'' N,1° 41' 32.8'' E
2/7-9,56° 19' 50.6'' N,3° 14' 29.3'' E
31/6-8 R,60° 33' 21.36'' N,3° 40' 39.07'' E
6607/12-4 A,66° 3' 39.79'' N,7° 59' 5.89'' E
15/6-6,58° 31' 14.7'' N,1° 44' 53.3'' E
34/10-33 A,61° 7' 34.44'' N,2° 12' 57.1'' E
7219/8-1 S,72° 22' 28.32'' N,19° 23' 40.24'' E
6204/11-2,62° 11' 50.47'' N,4° 26' 37.67'' E
35/8-2,61° 16' 15.42'' N,3° 21' 58.17'' E
2/4-19 B,56° 33' 54.97'' N,3° 12' 13.79'' E
7/12-4,57° 5' 36.66'' N,2° 51' 36.96'' E
16/7-9,58° 15' 17.49'' N,2° 17' 25.01'' E
7220/7-1,72° 27' 37.53'' N,20° 9' 8.59'' E
35/12-3 S,61° 5' 19.99'' N,3° 44' 56.37'' E
7/11-6,57° 6' 59.45'' N,2° 36' 55.16'' E
34/10-16,61° 5' 35.62'' N,2° 10' 46.66'' E
30/3-3,60° 46' 11.44'' N,2° 57' 5.58'' E
31/6-4,60° 37' 6.05'' N,3° 48' 20.36'' E
7219/12-1,72° 12' 44.21'' N,19° 46' 38.32'' E
7120/6-1,71° 37' 11.76'' N,20° 55' 59.72'' E
34/10-43 S,61° 6' 30.78'' N,2° 2' 59.76'' E
30/9-9,60° 19' 51.1'' N,2° 52' 29.47'' E
7223/5-1,72° 32' 6.18'' N,23° 20' 7.74'' E
34/4-11,61° 38' 41'' N,2° 5' 53.74'' E
7220/11-1,72° 3' 26.82'' N,20° 32' 45.67'' E
6304/3-1,63° 48' 5.9'' N,4° 52' 18.06'' E
15/5-7 A,58° 33' 22.2'' N,1° 39' 19.3'' E
35/12-7,61° 9' 0.59'' N,3° 40' 5.76'' E
7319/12-1,73° 2' 34.2'' N,19° 46' 39.3'' E
7018/5-1,70° 40' 25.86'' N,18° 26' 48.19'' E
34/10-35,61° 4' 16.17'' N,2° 19' 16.77'' E
7/11-5,57° 8' 6.39'' N,2° 29' 53.53'' E
2/11-12 A,56° 10' 10.93'' N,3° 26' 12.54'' E
6605/8-2,66° 18' 43.6'' N,5° 31' 43.7'' E
25/4-4,59° 36' 8.63'' N,2° 12' 26.64'' E
6507/10-2 S,65° 12' 48.44'' N,7° 16' 58.7'' E
25/10-7 S,59° 4' 57.64'' N,2° 8' 23.75'' E
6406/6-2,64° 31' 0.51'' N,6° 53' 8.53'' E
24/9-13,59° 17' 51.89'' N,1° 46' 2.45'' E
25/11-21 A,59° 9' 43.43'' N,2° 27' 53.07'' E
33/9-14,61° 26' 0.26'' N,1° 54' 4.48'' E
15/5-4,58° 38' 28.53'' N,1° 33' 8.87'' E
34/10-12,61° 9' 26.69'' N,2° 6' 21.72'' E
16/3-8 A,58° 48' 23.35'' N,2° 40' 27.66'' E
25/1-7 R,59° 55' 8.28'' N,2° 4' 52.33'' E
6506/11-1,65° 11' 4.49'' N,6° 39' 53.88'' E
7120/12-5,71° 11' 57.92'' N,20° 54' 54.97'' E
16/1-11,58° 55' 36.15'' N,2° 11' 7.48'' E
1/3-6,56° 56' 14.92'' N,2° 42' 20.81'' E
25/4-6 SR,59° 42' 35.43'' N,2° 19' 4.45'' E
15/6-13,58° 36' 55.48'' N,1° 45' 40.58'' E
34/8-14 S,61° 18' 37.9'' N,2° 20' 32.9'' E
25/10-16 A,59° 2' 13.13'' N,2° 13' 41.38'' E
6407/9-1,64° 21' 56.14'' N,7° 47' 20.86'' E
24/12-1,59° 2' 29.8'' N,1° 52' 57.93'' E
1/9-5,56° 29' 27.69'' N,2° 57' 55.27'' E
6302/6-1,63° 31' 38.43'' N,2° 45' 51.56'' E
6507/6-2,65° 44' 26.42'' N,7° 41' 6.55'' E
7220/7-4,72° 25' 4.32'' N,20° 8' 25.73'' E
34/8-18 S,61° 22' 13.34'' N,2° 27' 34.38'' E
7/12-2 R,57° 6' 41.05'' N,2° 50' 51.04'' E
1/5-3 S,56° 41' 24.52'' N,2° 36' 54.13'' E
16/2-12,58° 53' 4.27'' N,2° 29' 18.11'' E
6507/11-2,65° 10' 59.7'' N,7° 36' 39.84'' E
16/7-4,58° 17' 9.75'' N,2° 1' 30.07'' E
16/2-3,58° 53' 0.3'' N,2° 22' 24.3'' E
6608/10-15,66° 5' 20.78'' N,8° 16' 41.48'' E
34/7-27,61° 29' 32.09'' N,2° 0' 21'' E
35/11-23,61° 1' 14.7'' N,3° 27' 49.21'' E
30/11-14 A,60° 11' 29.91'' N,2° 35' 11.08'' E
6507/8-7,65° 17' 42.5'' N,7° 21' 41.6'' E
16/11-2,58° 11' 7.2'' N,2° 28' 9.2'' E
30/9-7,60° 25' 4.76'' N,2° 45' 7'' E
15/12-23,58° 13' 0.78'' N,1° 53' 3.87'' E
6510/2-1,65° 47' 15.6'' N,10° 25' 51.33'' E
25/11-26,59° 14' 3.21'' N,2° 36' 40.99'' E
16/7-6,58° 15' 39.23'' N,2° 2' 36.04'' E
16/1-15 A,58° 52' 23.82'' N,2° 15' 41.3'' E
34/7-23 S,61° 20' 24.89'' N,2° 4' 31.54'' E
7125/1-1,71° 53' 24.26'' N,25° 11' 15.46'' E
16/2-6,58° 49' 25.26'' N,2° 36' 54.76'' E
25/8-8 S,59° 25' 51.87'' N,2° 24' 18.73'' E
25/4-2,59° 35' 46.51'' N,2° 18' 51.4'' E
25/2-17,59° 51' 57.13'' N,2° 37' 50.39'' E
3/7-7,56° 24' 10.58'' N,4° 18' 3.14'' E
16/7-3,58° 24' 21.96'' N,2° 8' 8.06'' E
6407/6-4,64° 37' 36.77'' N,7° 40' 51'' E
34/10-9,61° 12' 55.34'' N,2° 15' 0.53'' E
24/9-10 S,59° 16' 34.73'' N,1° 55' 36.13'' E
16/1-26 A,58° 55' 20.15'' N,2° 11' 53.03'' E
35/10-2,61° 2' 22.67'' N,3° 2' 30.6'' E
7/11-4,57° 7' 30.5'' N,2° 29' 21.4'' E
30/10-7,60° 11' 28.14'' N,2° 7' 27.27'' E
16/2-4,58° 52' 21.5'' N,2° 23' 24.7'' E
16/8-1,58° 27' 24.8'' N,2° 25' 56.8'' E
15/12-15,58° 2' 43.92'' N,1° 52' 22.98'' E
6507/2-1,65° 54' 2.48'' N,7° 26' 16.43'' E
34/10-8,61° 9' 59.53'' N,2° 12' 3.44'' E
26/10-1,59° 0' 1.87'' N,3° 4' 14.7'' E
7219/9-3,72° 17' 23.02'' N,19° 59' 56.43'' E
35/11-18 A,61° 9' 24.41'' N,3° 20' 38.09'' E
30/9-3,60° 28' 16.33'' N,2° 45' 37.55'' E
35/11-2,61° 10' 26.42'' N,3° 27' 31.36'' E
34/8-5,61° 19' 29.94'' N,2° 20' 57.94'' E
6608/11-7 S,66° 14' 1.32'' N,8° 30' 47.34'' E
34/8-19 S,61° 26' 6.84'' N,2° 35' 24.37'' E
34/10-44 S,61° 3' 50.65'' N,2° 0' 10.91'' E
7125/4-2,71° 32' 46.1'' N,25° 0' 16.1'' E
35/2-2,61° 52' 36.2'' N,3° 24' 51'' E
15/9-17 R,58° 26' 44.19'' N,1° 56' 53.58'' E
25/6-4 S,59° 41' 10.27'' N,2° 53' 1.23'' E
25/2-18 B,59° 49' 30.11'' N,2° 37' 54.1'' E
10/4-1,57° 40' 30.04'' N,5° 9' 18.81'' E
7219/12-1 A,72° 12' 44.21'' N,19° 46' 38.32'' E
16/4-13 S,58° 43' 40.23'' N,2° 9' 8.95'' E
6607/5-2,66° 41' 3.38'' N,7° 21' 22.52'' E
8/9-1,57° 26' 27.28'' N,3° 51' 3.48'' E
6407/7-9 S,64° 18' 59.25'' N,7° 9' 24.4'' E
16/2-7 A,58° 46' 47.77'' N,2° 39' 16.28'' E
6608/10-2,66° 0' 49.35'' N,8° 4' 26.48'' E
7222/11-1,72° 4' 20.3'' N,22° 28' 26.4'' E
30/6-7,60° 38' 39.49'' N,2° 45' 21.74'' E
15/12-4,58° 3' 9.16'' N,1° 54' 11.61'' E
6507/8-6,65° 24' 35.96'' N,7° 28' 52.74'' E
30/3-7 BR,60° 46' 57.98'' N,2° 53' 51.95'' E
2/1-15,56° 52' 58.14'' N,3° 12' 47.53'' E
35/9-2,61° 20' 8.62'' N,3° 56' 16.74'' E
16/4-12,58° 41' 51.29'' N,2° 8' 50.76'' E
24/9-7 A,59° 28' 42.6'' N,1° 57' 44.49'' E
25/1-8 SR,59° 54' 3.28'' N,2° 6' 9.79'' E
2/5-2,56° 38' 41.6'' N,3° 22' 20.6'' E
34/10-53 A,61° 4' 4.71'' N,2° 7' 0.34'' E
7/9-1,57° 20' 37.1'' N,2° 51' 21.4'' E
6406/1-3,64° 54' 25.97'' N,6° 8' 25.34'' E
6608/10-10,66° 4' 17.9'' N,8° 10' 11.4'' E
33/6-3 S,61° 35' 38.58'' N,1° 57' 9.74'' E
2/5-10,56° 41' 21.66'' N,3° 29' 27.32'' E
25/1-7 R3,59° 55' 8.28'' N,2° 4' 52.33'' E
7/11-9,57° 12' 11.79'' N,2° 24' 50.18'' E
15/6-4,58° 37' 34.39'' N,1° 48' 19.94'' E
24/9-7,59° 28' 42.6'' N,1° 57' 44.49'' E
7228/7-1 S,72° 15' 28.9'' N,28° 8' 59.7'' E
15/3-12 S,58° 46' 53.25'' N,1° 54' 13.44'' E
2/7-21 SR,56° 19' 59.65'' N,3° 14' 53.89'' E
33/5-1,61° 44' 46.1'' N,1° 34' 57.4'' E
6507/8-1,65° 18' 35.03'' N,7° 20' 52.8'' E
6406/12-G-1 H,64° 1' 50.48'' N,6° 45' 2.87'' E
2/5-4,56° 33' 54.4'' N,3° 36' 56.4'' E
30/3-1,60° 54' 15.35'' N,2° 40' 11.71'' E
34/7-12,61° 16' 17.86'' N,2° 6' 47.26'' E
7222/1-1,72° 56' 45.94'' N,22° 19' 26.18'' E
30/9-19 A,60° 27' 35.38'' N,2° 41' 38.94'' E
25/2-15,59° 48' 53.54'' N,2° 30' 6.2'' E
6706/11-1,67° 4' 24.77'' N,6° 27' 47.7'' E
25/11-11,59° 11' 47.2'' N,2° 20' 47.43'' E
6407/1-2,64° 47' 50.61'' N,7° 2' 23.76'' E
34/10-9 R,61° 12' 55.34'' N,2° 15' 0.53'' E
17/11-2,58° 6' 54.91'' N,3° 22' 9.81'' E
15/5-6,58° 41' 45.95'' N,1° 39' 3.59'' E
7/12-7 R,57° 6' 31.92'' N,2° 52' 47.27'' E
31/6-2,60° 34' 58.24'' N,3° 54' 55.76'' E
25/7-7,59° 18' 59.95'' N,2° 12' 42.66'' E
34/4-13 S,61° 38' 42.96'' N,2° 6' 0.2'' E
6407/5-2 S,64° 34' 48.77'' N,7° 37' 11.93'' E
6407/3-2 S,64° 45' 25.69'' N,7° 49' 35.47'' E
25/5-1,59° 43' 47.19'' N,2° 34' 13.46'' E
2/3-4,56° 46' 45.61'' N,3° 48' 27.89'' E
25/2-8,59° 54' 45.14'' N,2° 20' 27.62'' E
34/4-1,61° 32' 49.23'' N,2° 16' 23.66'' E
6506/12-11 S,65° 5' 7.2'' N,6° 40' 54.75'' E
34/7-1,61° 28' 21.8'' N,2° 13' 25.55'' E
6507/2-5 S,65° 50' 44.19'' N,7° 22' 43.71'' E
34/10-5,61° 11' 25.35'' N,2° 10' 23.39'' E
2/7-22,56° 17' 46.25'' N,3° 9' 32.01'' E
7122/7-5,71° 16' 24.7'' N,22° 16' 40.43'' E
6609/10-2,66° 2' 29'' N,9° 3' 6'' E
2/6-4 S,56° 38' 59.29'' N,3° 47' 23.27'' E
34/10-27,61° 10' 31.12'' N,2° 11' 23.96'' E
30/3-1 R,60° 54' 15.35'' N,2° 40' 11.71'' E
30/6-22 R,60° 43' 57.26'' N,2° 58' 53.12'' E
16/5-3,58° 43' 53.95'' N,2° 33' 28.64'' E
30/11-13 A,60° 9' 55.78'' N,2° 35' 35.13'' E
34/11-4,61° 3' 26.2'' N,2° 22' 46.5'' E
7019/1-1,70° 55' 5.1'' N,19° 4' 22.44'' E
15/9-9,58° 20' 47.81'' N,1° 53' 24.98'' E
6407/7-3,64° 16' 44.34'' N,7° 9' 0.13'' E
6507/7-2,65° 20' 12.37'' N,7° 18' 34.52'' E
34/10-16 R,61° 5' 35.62'' N,2° 10' 46.66'' E
16/2-10,58° 51' 16.08'' N,2° 32' 37.5'' E
25/2-5,59° 48' 1.4'' N,2° 28' 18.3'' E
34/8-4 AR,61° 19' 29.58'' N,2° 25' 18.67'' E
16/10-3,58° 13' 18.54'' N,2° 19' 34.3'' E
6408/4-1,64° 40' 0.22'' N,8° 15' 27.05'' E
2/7-20 R,56° 20' 0.1'' N,3° 14' 54.7'' E
7120/8-4,71° 28' 36.76'' N,20° 26' 44.22'' E
25/2-15 R2,59° 48' 53.54'' N,2° 30' 6.2'' E
8/10-7 A,57° 6' 54.81'' N,3° 3' 31.5'' E
30/9-2,60° 27' 53'' N,2° 49' 13.03'' E
2/8-14,56° 15' 48.93'' N,3° 21' 23.11'' E
7120/8-1,71° 24' 34.43'' N,20° 26' 6.2'' E
25/1-3,59° 54' 5'' N,2° 10' 5'' E
6507/8-4,65° 23' 17.18'' N,7° 23' 59.65'' E
6506/12-10,65° 8' 7.82'' N,6° 49' 6.47'' E
35/12-4 A,61° 11' 6.76'' N,3° 41' 29.4'' E
6406/2-9 S,64° 48' 18.22'' N,6° 26' 51.08'' E
7321/7-1,73° 25' 55.57'' N,21° 4' 31.75'' E
7318/12-2,73° 7' 46.18'' N,18° 43' 5.74'' E
7/8-6 S,57° 17' 55.17'' N,2° 27' 19.16'' E
34/10-32 R,61° 4' 33.37'' N,2° 12' 43.59'' E
2/7-20,56° 20' 0.1'' N,3° 14' 54.7'' E
2/7-6,56° 25' 5'' N,3° 14' 40.6'' E
30/9-13 S,60° 21' 37.69'' N,2° 43' 17.78'' E
30/6-13 R,60° 33' 14.59'' N,2° 49' 21.76'' E
26/4-1,59° 36' 37.84'' N,3° 1' 13.26'' E
16/1-8,58° 50' 8.63'' N,2° 14' 6.36'' E
30/11-11 S,60° 4' 29.83'' N,2° 38' 8.82'' E
3/7-2,56° 29' 58.37'' N,4° 4' 8.36'' E
6610/3-1,66° 55' 29.7'' N,10° 54' 6.28'' E
25/11-28,59° 0' 31.12'' N,2° 21' 59.27'' E
24/9-9 S,59° 19' 40.49'' N,1° 50' 17.27'' E
7117/9-2,71° 25' 44.75'' N,17° 53' 32.45'' E
25/5-3,59° 35' 8.01'' N,2° 37' 46.94'' E
34/7-30 SR,61° 15' 42.27'' N,2° 10' 13.5'' E
33/9-21 S,61° 23' 48.26'' N,1° 44' 27.25'' E
24/6-4,59° 34' 44.7'' N,1° 54' 46.08'' E
3/7-9 S,56° 26' 20.84'' N,4° 10' 10.75'' E
16/4-9 S,58° 42' 22.76'' N,2° 9' 55.07'' E
7124/4-1 S,71° 35' 16.14'' N,24° 5' 56.76'' E
33/9-5,61° 20' 47.87'' N,1° 56' 51.7'' E
2/9-4,56° 16' 28.89'' N,3° 48' 45.95'' E
7128/4-1,71° 32' 27.33'' N,28° 4' 54.08'' E
25/8-2,59° 23' 43.69'' N,2° 22' 36.82'' E
6507/11-6,65° 1' 9.02'' N,7° 24' 52.17'' E
2/1-4,56° 54' 40.59'' N,3° 4' 0.86'' E
6507/6-4 A,65° 38' 6.2'' N,7° 43' 32.8'' E
6610/7-1,66° 17' 32.82'' N,10° 16' 52.92'' E
34/10-37,61° 8' 9.78'' N,2° 0' 55.81'' E
6506/12-11 SR,65° 5' 7.2'' N,6° 40' 54.75'' E
34/7-16 R,61° 23' 13.06'' N,2° 6' 59.12'' E
25/1-8 S,59° 54' 3.28'' N,2° 6' 9.79'' E
34/8-6,61° 26' 31.36'' N,2° 28' 33.35'' E
16/2-2,58° 58' 7.79'' N,2° 30' 7.79'' E
34/10-17,61° 3' 58.93'' N,2° 0' 50.78'' E
31/2-2,60° 46' 47.8'' N,3° 37' 23.5'' E
35/9-7,61° 16' 6.83'' N,3° 40' 23.28'' E
6407/3-1 S,64° 46' 32.49'' N,7° 42' 14.23'' E
34/10-34,61° 13' 4.19'' N,2° 8' 4.69'' E
7224/2-1,72° 46' 25.93'' N,24° 23' 56.17'' E
1/9-7,56° 24' 31.23'' N,2° 52' 55'' E
7/11-12 A,57° 0' 54.51'' N,2° 36' 13.54'' E
34/10-18,61° 14' 22.48'' N,2° 3' 18.83'' E
7122/7-7 S,71° 17' 33.53'' N,22° 15' 14.46'' E
6610/10-1,66° 14' 9.42'' N,10° 2' 46.89'' E
30/3-4,60° 45' 56.85'' N,2° 51' 30.2'' E
34/7-24 S,61° 18' 32.92'' N,2° 1' 51.55'' E
30/10-5,60° 0' 25.88'' N,2° 4' 7.17'' E
35/9-13,61° 25' 20.34'' N,3° 49' 39.74'' E
2/6-3,56° 31' 49.32'' N,3° 49' 25.38'' E
16/1-11 A,58° 55' 36.15'' N,2° 11' 7.48'' E
7223/5-1 A,72° 32' 6.18'' N,23° 20' 7.74'' E
7120/1-1,71° 55' 0.83'' N,20° 18' 7.13'' E
6407/4-1,64° 35' 45.36'' N,7° 8' 42.17'' E
6507/6-1,65° 36' 37.59'' N,7° 43' 43.04'' E
2/12-2 S,56° 13' 54.28'' N,3° 42' 16.63'' E
8/3-1,57° 59' 13.16'' N,3° 40' 13.29'' E
35/11-24 B,61° 5' 40.68'' N,3° 23' 59.11'' E
24/9-12 B,59° 20' 58.95'' N,1° 49' 48.47'' E
31/4-10,60° 37' 29.78'' N,3° 11' 16.11'' E
25/9-3,59° 26' 5.03'' N,2° 40' 42.88'' E
2/7-18,56° 20' 18.36'' N,3° 6' 13.61'' E
2/3-2,56° 54' 53.7'' N,3° 49' 2.28'' E
34/10-40 S,61° 12' 10.92'' N,2° 12' 4.86'' E
2/8-18 S,56° 22' 37.58'' N,3° 22' 25.09'' E
6506/12-4,65° 12' 46.97'' N,6° 43' 30.37'' E
31/2-20 S,60° 47' 59.3'' N,3° 26' 57.7'' E
25/6-1,59° 31' 32.04'' N,2° 48' 2.07'' E
9/2-6 S,57° 49' 7.47'' N,4° 31' 10.95'' E
16/1-30 A,58° 58' 50.71'' N,2° 16' 50.88'' E
2/8-8,56° 16' 49.81'' N,3° 24' 12.71'' E
24/12-5 S,59° 6' 41.66'' N,1° 47' 21.25'' E
2/8-12 S,56° 23' 48.8'' N,3° 26' 15.4'' E
7122/7-6,71° 16' 11.44'' N,22° 19' 20.14'' E
2/4-18,56° 41' 57.72'' N,3° 9' 44.24'' E
7/3-1,57° 50' 35.25'' N,2° 44' 55.61'' E
16/1-20 A,58° 54' 24.39'' N,2° 18' 14.14'' E
7/1-1,57° 47' 52'' N,2° 9' 56'' E
8/10-7 S,57° 6' 54.72'' N,3° 3' 31.45'' E
34/10-19,61° 11' 10.86'' N,2° 15' 30.55'' E
30/9-25,60° 20' 6.13'' N,2° 47' 47.63'' E
1/6-2,56° 33' 50.6'' N,2° 51' 53.2'' E
6507/5-8,65° 41' 58.46'' N,7° 32' 23.19'' E
25/2-19 A,59° 52' 28.37'' N,2° 37' 45.61'' E
16/2-20 A,58° 56' 30.84'' N,2° 25' 18.62'' E
30/11-14 B,60° 11' 29.91'' N,2° 35' 11.08'' E
25/2-18 S,59° 49' 30.11'' N,2° 37' 54.1'' E
1/3-3,56° 57' 8.56'' N,2° 58' 54.05'' E
6608/10-4,66° 2' 25.26'' N,8° 9' 41.74'' E
25/4-9 S,59° 40' 20.5'' N,2° 16' 40.71'' E
25/11-5,59° 12' 9.32'' N,2° 21' 55.58'' E
2/4-21,56° 42' 0.81'' N,3° 8' 34.31'' E
30/8-4 S,60° 20' 5.03'' N,2° 36' 9.32'' E
2/4-14 R2,56° 41' 5.26'' N,3° 8' 43.08'' E
2/7-24,56° 18' 33'' N,3° 19' 23.56'' E
6507/3-13 A,65° 59' 26.44'' N,7° 44' 43.02'' E
30/6-21,60° 38' 34.88'' N,2° 43' 47.6'' E
6507/5-2,65° 42' 59.1'' N,7° 38' 18.83'' E
15/12-11 S,58° 12' 9.78'' N,1° 42' 39.38'' E
6607/12-1,66° 12' 54.15'' N,7° 44' 26.72'' E
7/11-7 R,57° 4' 10.04'' N,2° 26' 4.82'' E
25/1-10,59° 57' 8.58'' N,2° 5' 48.11'' E
30/6-27,60° 33' 28.85'' N,2° 40' 45.6'' E
1/3-7,56° 56' 25.15'' N,2° 40' 34.61'' E
25/8-6,59° 28' 18.42'' N,2° 20' 15.37'' E
30/2-1,60° 52' 5.42'' N,2° 38' 49.16'' E
35/8-5 S,61° 22' 40.5'' N,3° 39' 13.22'' E
15/9-20 S,58° 22' 1.89'' N,1° 54' 31.98'' E
30/6-31 S,60° 33' 12.9'' N,2° 52' 12.27'' E
30/11-7 A,60° 0' 21.24'' N,2° 22' 25.62'' E
25/2-21,59° 52' 27.11'' N,2° 27' 30.88'' E
6506/9-1,65° 29' 57.31'' N,6° 56' 12.98'' E
30/6-14,60° 38' 7.69'' N,2° 59' 21.76'' E
6608/10-6 R,66° 3' 55.95'' N,8° 15' 26.07'' E
7220/5-2,72° 33' 40.29'' N,20° 23' 54.84'' E
34/5-1 S,61° 44' 35.19'' N,2° 35' 55.37'' E
1/6-1,56° 38' 2.4'' N,2° 59' 50.3'' E
25/2-6,59° 45' 33.55'' N,2° 33' 5.96'' E
6507/5-10 S,65° 31' 21.7'' N,7° 29' 21.91'' E
25/4-12 S,59° 30' 39.22'' N,2° 4' 27.28'' E
31/7-3 A,60° 26' 42.61'' N,3° 3' 13.72'' E
7/7-1,57° 24' 56.88'' N,2° 15' 59.74'' E
6506/12-9 S,65° 6' 52.02'' N,6° 45' 15.7'' E
6507/3-3 A,65° 48' 3.73'' N,7° 43' 28.69'' E
24/9-15 A,59° 20' 29.04'' N,1° 49' 55.35'' E
34/3-3 S,61° 47' 42.49'' N,2° 43' 4.38'' E
6507/3-11 S,65° 48' 59.56'' N,7° 50' 13.93'' E
6507/8-9,65° 24' 1.04'' N,7° 26' 21.71'' E
34/7-13,61° 24' 19.23'' N,2° 3' 12.49'' E
34/8-15 S,61° 26' 6.1'' N,2° 35' 20.84'' E
25/4-7,59° 32' 52.06'' N,2° 1' 10.91'' E
2/4-21 A,56° 42' 0.81'' N,3° 8' 34.31'' E
31/1-2 A,60° 57' 4.92'' N,3° 18' 32.98'' E
6508/1-1 A,65° 57' 57.03'' N,8° 3' 15.03'' E
16/2-13 S,58° 49' 58.48'' N,2° 39' 10.34'' E
2/2-2,56° 56' 40.61'' N,3° 22' 46.81'' E
35/9-10 S,61° 15' 7.02'' N,3° 41' 4.1'' E
15/6-15,58° 40' 35.66'' N,1° 52' 21.58'' E
35/12-6 A,61° 13' 45.08'' N,3° 45' 25.28'' E
8/4-1,57° 44' 50.24'' N,3° 0' 3.86'' E
16/3-4 A,58° 48' 11.36'' N,2° 43' 8.3'' E
18/11-1,58° 4' 21.3'' N,4° 32' 0.1'' E
24/9-8,59° 21' 59.99'' N,1° 57' 17.97'' E
6507/11-9,65° 9' 7.8'' N,7° 25' 10.6'' E
34/11-2 S,61° 13' 33.24'' N,2° 22' 56.81'' E
2/2-4,56° 47' 40.88'' N,3° 39' 34.46'' E
1/2-2,56° 59' 32'' N,2° 29' 47.66'' E
34/7-4,61° 29' 4.44'' N,2° 8' 0.26'' E
34/10-33 C,61° 7' 34.44'' N,2° 12' 57.1'' E
2/7-28,56° 22' 52.16'' N,3° 14' 19.29'' E
6609/10-1,66° 14' 42.27'' N,9° 14' 59.5'' E
16/1-15,58° 52' 23.82'' N,2° 15' 41.3'' E
31/2-22 S,60° 58' 48.13'' N,3° 30' 17.16'' E
7/12-10,57° 10' 57.37'' N,2° 48' 18.47'' E
31/4-7,60° 34' 8.21'' N,3° 1' 5.82'' E
35/11-10 A,61° 1' 10.54'' N,3° 31' 26.29'' E
16/7-5,58° 21' 6.3'' N,2° 4' 56.16'' E
31/4-12,60° 35' 45.4'' N,3° 9' 51.96'' E
7121/1-1 R,71° 56' 25.74'' N,21° 4' 36.52'' E
16/1-6 A,58° 59' 27.95'' N,2° 17' 43.07'' E
17/12-1,58° 11' 17.3'' N,3° 56' 22.2'' E
30/10-6,60° 9' 13.65'' N,2° 12' 37.38'' E
2/10-1 S,56° 7' 32.15'' N,3° 18' 6.68'' E
7120/2-2,71° 50' 23.99'' N,20° 36' 3.59'' E
15/6-5,58° 30' 29.87'' N,1° 45' 50.74'' E
34/4-14 S,61° 40' 51.05'' N,2° 7' 19.42'' E
6407/8-3,64° 18' 2'' N,7° 37' 41.6'' E
16/2-20 S,58° 56' 30.84'' N,2° 25' 18.62'' E
8/12-1,57° 13' 18.6'' N,3° 46' 45.13'' E
6204/10-2,62° 2' 41.24'' N,4° 7' 4.59'' E
7120/7-3,71° 27' 43.31'' N,20° 10' 46.44'' E
2/11-3 A,56° 10' 53.74'' N,3° 27' 51.78'' E
35/11-12,61° 7' 43.53'' N,3° 22' 53.66'' E
16/7-11,58° 22' 52.95'' N,2° 4' 5.04'' E
25/5-2,59° 42' 13.28'' N,2° 32' 8.58'' E
6506/12-12 A,65° 13' 1.19'' N,6° 54' 29.77'' E
7228/1-1,72° 51' 0.92'' N,28° 18' 55.19'' E
33/12-5,61° 11' 5.53'' N,1° 51' 53.39'' E
15/12-3,58° 14' 36.59'' N,1° 52' 45.67'' E
6407/2-1,64° 58' 4.97'' N,7° 28' 28.12'' E
6608/10-6 R2,66° 3' 55.95'' N,8° 15' 26.07'' E
7/4-3,57° 42' 16.54'' N,2° 12' 15.81'' E
25/7-2,59° 16' 28.59'' N,2° 12' 26.09'' E
6607/5-1,66° 38' 9.67'' N,7° 32' 21.38'' E
17/4-1,58° 35' 54'' N,3° 16' 5'' E
34/10-47 S,61° 10' 52.5'' N,2° 3' 11.1'' E
6407/12-1,64° 14' 23.44'' N,7° 42' 7.98'' E
25/11-29 S,59° 2' 48.47'' N,2° 26' 21.81'' E
15/9-5,58° 24' 12.47'' N,1° 42' 29.2'' E
34/4-12 A,61° 33' 8'' N,2° 17' 37.7'' E
7119/9-1,71° 24' 53.19'' N,19° 49' 43.26'' E
34/8-16 S,61° 21' 48.9'' N,2° 36' 15.58'' E
2/4-14,56° 41' 5.26'' N,3° 8' 43.08'' E
6506/12-6,65° 9' 57.6'' N,6° 46' 43.19'' E
6507/11-11,65° 14' 15.9'' N,7° 30' 39.4'' E
15/12-18 S,58° 12' 53.07'' N,1° 46' 40.43'' E
30/7-6 R,60° 29' 29.82'' N,2° 3' 26.14'' E
30/7-2,60° 29' 26.06'' N,2° 1' 40.85'' E
31/2-21 S,60° 58' 16.97'' N,3° 28' 1.74'' E
7/11-11 S,57° 7' 34.87'' N,2° 28' 58.68'' E
25/8-11,59° 18' 7'' N,2° 26' 51'' E
2/6-2,56° 30' 48.9'' N,3° 42' 39.66'' E
7321/4-1,73° 44' 7.76'' N,21° 8' 21.94'' E
30/6-19 R,60° 42' 58.03'' N,2° 54' 54.18'' E
6504/5-1 S,65° 41' 38.46'' N,4° 22' 43.92'' E
34/10-1,61° 10' 46.84'' N,2° 12' 43.67'' E
2/1-13 S,56° 47' 9.5'' N,3° 2' 29.72'' E
6406/3-5,64° 58' 20.07'' N,6° 58' 33.65'' E
25/11-3,59° 10' 33.89'' N,2° 26' 15.39'' E
6604/5-1,66° 35' 37.43'' N,4° 32' 56.55'' E
6407/9-9,64° 24' 13.2'' N,7° 41' 37.1'' E
25/10-12 S,59° 2' 36.72'' N,2° 18' 13.11'' E
34/10-28,61° 6' 31.99'' N,2° 15' 23.72'' E
2/8-3,56° 18' 31'' N,3° 26' 54.1'' E
7/7-2,57° 29' 4.16'' N,2° 18' 17.59'' E
6507/5-4,65° 41' 44.78'' N,7° 34' 13.62'' E
6608/8-2,66° 17' 52.58'' N,8° 22' 37.01'' E
31/5-2 R,60° 43' 33.29'' N,3° 32' 52.74'' E
7120/10-1,71° 3' 6.25'' N,20° 16' 29.8'' E
2/4-5,56° 34' 27.24'' N,3° 12' 11.82'' E
30/12-1,60° 8' 44.3'' N,2° 51' 6.54'' E
34/8-14 B,61° 18' 37.9'' N,2° 20' 32.9'' E
25/10-1,59° 11' 21.72'' N,2° 19' 11.83'' E
31/2-2 R,60° 46' 47.8'' N,3° 37' 23.5'' E
9/2-12,57° 52' 28.95'' N,4° 33' 11.62'' E
16/1-2,58° 56' 9.22'' N,2° 13' 20.06'' E
35/6-1 S,61° 32' 2.92'' N,3° 54' 40.82'' E
2/11-7,56° 14' 6.09'' N,3° 37' 38.84'' E
25/11-12,59° 12' 2.61'' N,2° 22' 51.74'' E
16/8-3 S,58° 17' 43.4'' N,2° 34' 54.5'' E
16/3-5,58° 46' 31.59'' N,2° 42' 18.59'' E
15/12-23 A,58° 13' 0.78'' N,1° 53' 3.87'' E
7121/7-1,71° 28' 20.78'' N,21° 5' 15.18'' E
35/11-20 A,61° 13' 20.29'' N,3° 26' 25.57'' E
6507/8-10 S,65° 18' 10.4'' N,7° 31' 13.39'' E
33/12-4,61° 14' 19.2'' N,1° 53' 27.5'' E
16/2-17 B,58° 48' 15.92'' N,2° 31' 46.03'' E
15/6-7,58° 35' 21.41'' N,1° 52' 19.06'' E
35/9-9,61° 24' 12.72'' N,3° 56' 0.48'' E
2/11-5,56° 9' 57.7'' N,3° 26' 6.42'' E
34/4-5,61° 41' 9.49'' N,2° 17' 52'' E
31/7-1,60° 25' 31.55'' N,3° 1' 28.23'' E
30/9-12 AR,60° 25' 57.09'' N,2° 51' 34.9'' E
6406/6-4 S,64° 38' 30.7'' N,6° 46' 1.96'' E
6305/4-2 S,63° 38' 14.9'' N,5° 17' 54.12'' E
6506/11-4 S,65° 1' 46.19'' N,6° 36' 4.48'' E
6507/12-3,65° 3' 35.82'' N,7° 49' 6.4'' E
25/1-6,59° 46' 57.68'' N,2° 5' 42.23'' E
35/11-10,61° 1' 10.54'' N,3° 31' 26.29'' E
7/12-7,57° 6' 31.92'' N,2° 52' 47.27'' E
2/8-16 S,56° 16' 40.75'' N,3° 23' 43.61'' E
3/7-1,56° 27' 43.5'' N,4° 0' 7.8'' E
7219/9-2,72° 19' 44.14'' N,19° 54' 39.8'' E
7117/9-1,71° 22' 51.05'' N,17° 56' 5.76'' E
34/10-37 AR,61° 8' 9.78'' N,2° 0' 55.81'' E
6507/7-6,65° 21' 30.03'' N,7° 19' 10.35'' E
15/12-8 A,58° 3' 1.85'' N,1° 58' 3.41'' E
16/1-28 S,58° 48' 51.49'' N,2° 16' 14.2'' E
35/9-11 A,61° 21' 25.6'' N,3° 40' 44.55'' E
6507/7-3,65° 19' 1.31'' N,7° 17' 44.79'' E
6507/8-5,65° 20' 36.75'' N,7° 38' 4.7'' E
2/7-19,56° 20' 19.1'' N,3° 6' 12.2'' E
3/7-3,56° 24' 54.77'' N,4° 10' 54.33'' E
6407/7-2 R,64° 15' 26.39'' N,7° 10' 42.65'' E
34/7-15 S,61° 24' 38.59'' N,2° 12' 53.22'' E
7227/10-1,72° 9' 48.74'' N,27° 14' 18.15'' E
7318/12-1,73° 7' 46.84'' N,18° 43' 4.26'' E
7121/5-2,71° 40' 20.79'' N,21° 39' 24.42'' E
6201/11-3 R,62° 2' 44.96'' N,1° 30' 13.07'' E
30/9-15,60° 22' 18.63'' N,2° 55' 24.8'' E
31/6-1,60° 38' 44.89'' N,3° 40' 52.28'' E
30/11-8 A,60° 13' 3.03'' N,2° 29' 22.2'' E
9/4-5,57° 40' 38.81'' N,4° 16' 8.37'' E
6407/10-3,64° 6' 11.66'' N,7° 18' 11.43'' E
25/4-5,59° 34' 4.75'' N,2° 11' 39.21'' E
31/2-15,60° 55' 25.45'' N,3° 34' 2.57'' E
6407/1-6 S,64° 56' 25.66'' N,7° 8' 36.8'' E
15/5-3,58° 43' 47.93'' N,1° 38' 12.05'' E
33/12-10 S,61° 7' 7.83'' N,1° 56' 28.67'' E
30/9-17 R,60° 17' 39.08'' N,2° 49' 19.44'' E
35/4-1,61° 32' 0.55'' N,3° 18' 8.26'' E
35/2-1 R,61° 53' 26.68'' N,3° 20' 34.36'' E
6407/8-2,64° 17' 0.63'' N,7° 31' 25.28'' E
30/3-7 A,60° 46' 57.98'' N,2° 53' 51.95'' E
34/6-3 S,61° 34' 29.55'' N,2° 43' 48.69'' E
6407/10-2,64° 13' 44.34'' N,7° 16' 54.02'' E
6204/10-2 A,62° 2' 41.24'' N,4° 7' 4.59'' E
6407/7-2,64° 15' 26.39'' N,7° 10' 42.65'' E
25/8-13,59° 21' 42.3'' N,2° 21' 48.1'' E
6406/6-6 A,64° 35' 47.57'' N,6° 51' 14.34'' E
33/12-3,61° 14' 19.64'' N,1° 53' 25.8'' E
6307/1-1 S,63° 55' 15.83'' N,7° 18' 10.11'' E
34/10-49 S,61° 7' 45.06'' N,2° 5' 26.13'' E
25/9-2 A,59° 22' 56.26'' N,2° 41' 46.89'' E
35/9-5,61° 19' 28.9'' N,3° 48' 45.19'' E
33/9-9,61° 17' 10.19'' N,1° 54' 26.05'' E
6506/12-10 A,65° 8' 7.82'' N,6° 49' 6.47'' E
36/1-3,61° 48' 13.85'' N,4° 6' 53.47'' E
35/9-3,61° 28' 51.76'' N,3° 58' 30.17'' E
6706/6-1,67° 33' 34.79'' N,6° 41' 18.38'' E
24/9-14 A,59° 21' 51.91'' N,1° 46' 52.29'' E
25/5-8,59° 37' 6'' N,2° 23' 44'' E
16/1-30 S,58° 58' 50.71'' N,2° 16' 50.88'' E
25/6-6 S,59° 30' 35.21'' N,2° 54' 50.76'' E
7121/9-1,71° 15' 13.94'' N,21° 42' 41.75'' E
6608/10-16,66° 8' 38.09'' N,8° 4' 0.71'' E
31/4-6,60° 31' 16.6'' N,3° 1' 57.7'' E
7221/12-1,72° 8' 18.68'' N,21° 55' 50.32'' E
30/10-1,60° 0' 20.37'' N,2° 4' 7.17'' E
6306/6-2,63° 41' 4.96'' N,6° 40' 16.22'' E
6406/12-3 S,64° 1' 52.32'' N,6° 45' 17.58'' E
34/10-10 R,61° 10' 27.95'' N,2° 14' 43.12'' E
1/3-5,56° 46' 16.02'' N,2° 53' 38.85'' E
7/12-11,57° 7' 10.71'' N,2° 58' 33.19'' E
34/10-33,61° 7' 34.44'' N,2° 12' 57.1'' E
6507/2-4,65° 56' 27.42'' N,7° 35' 38.18'' E
7120/1-5,71° 56' 16'' N,20° 14' 58.18'' E
34/4-7,61° 31' 9.83'' N,2° 15' 15.45'' E
30/9-26 S,60° 27' 24.8'' N,2° 41' 42.58'' E
16/1-25 S,58° 46' 57.1'' N,2° 15' 17.46'' E
25/11-18,59° 9' 8.45'' N,2° 28' 28.79'' E
7224/7-1,72° 17' 6.34'' N,24° 18' 2.98'' E
35/4-2,61° 36' 2.54'' N,3° 12' 19.21'' E
34/10-7,61° 12' 13.44'' N,2° 16' 28.56'' E
25/10-3,59° 12' 56.5'' N,2° 19' 41.73'' E
2/2-3,56° 47' 36.42'' N,3° 25' 38.14'' E
30/11-1,60° 0' 22.43'' N,2° 31' 16.2'' E
35/11-5,61° 4' 45.58'' N,3° 23' 53.49'' E
25/1-9,59° 50' 13.34'' N,2° 13' 30.24'' E
25/10-15 S,59° 5' 14.45'' N,2° 14' 13.69'' E
33/9-13 S,61° 27' 4.45'' N,1° 58' 3'' E
25/8-12 S,59° 17' 22.57'' N,2° 26' 39.45'' E
6507/2-3,65° 51' 59.9'' N,7° 39' 58.88'' E
33/9-17,61° 27' 18.58'' N,1° 50' 45.79'' E
35/12-2,61° 9' 59.72'' N,3° 40' 13.35'' E
30/11-13,60° 9' 55.99'' N,2° 35' 35.11'' E
15/9-16,58° 22' 9.97'' N,1° 52' 43.16'' E
35/11-9,61° 3' 54.23'' N,3° 30' 6.95'' E
6407/6-2,64° 42' 29.56'' N,7° 40' 32.59'' E
3/7-8 S,56° 23' 10.62'' N,4° 13' 59.97'' E
6407/12-2,64° 9' 40.44'' N,7° 48' 27.87'' E
6508/1-2,65° 55' 50.28'' N,8° 1' 52.78'' E
30/9-19,60° 27' 35.38'' N,2° 41' 38.94'' E
7119/12-1,71° 6' 8'' N,19° 47' 40.29'' E
7122/7-3,71° 15' 17.53'' N,22° 16' 4.6'' E
33/12-8 S,61° 4' 38.44'' N,1° 57' 56.22'' E
16/5-4,58° 42' 46.98'' N,2° 35' 55.7'' E
7/11-10 SR,57° 7' 12.51'' N,2° 29' 10.56'' E
17/12-4 B,58° 10' 37.58'' N,3° 55' 11.05'' E
1/5-1,56° 34' 40.5'' N,2° 38' 28'' E
34/4-6,61° 34' 14.09'' N,2° 13' 19.99'' E
6506/6-2,65° 38' 17.77'' N,6° 51' 56.5'' E
1/5-4 S,56° 42' 32'' N,2° 37' 41'' E
6604/5-2 A,66° 36' 33.48'' N,4° 35' 34.3'' E
6506/5-1 S,65° 31' 26.27'' N,6° 36' 31.3'' E
25/8-12 A,59° 17' 22.57'' N,2° 26' 39.45'' E
6406/2-6 R,64° 45' 31.34'' N,6° 22' 54.69'' E
1/5-5,56° 43' 48.02'' N,2° 38' 44.92'' E
34/10-30,61° 6' 31.07'' N,2° 15' 23.92'' E
1/3-9 S,56° 58' 57.97'' N,2° 57' 31.33'' E
34/11-6 S,61° 2' 26.72'' N,2° 20' 19.68'' E
35/12-4 S,61° 11' 6.76'' N,3° 41' 29.4'' E
15/8-2,58° 24' 55.1'' N,1° 32' 49.9'' E
7219/12-2 S,72° 5' 12.66'' N,19° 59' 10.01'' E
34/7-6,61° 27' 10.85'' N,2° 8' 17.26'' E
9/2-1,57° 49' 58.1'' N,4° 31' 27.92'' E
6507/5-4 A,65° 41' 44.78'' N,7° 34' 13.62'' E
16/2-1,58° 53' 35.19'' N,2° 21' 25.77'' E
6507/3-12,65° 58' 3.95'' N,7° 56' 1.53'' E
34/7-8,61° 22' 25.93'' N,2° 8' 33.37'' E
7220/6-3,72° 43' 41.13'' N,20° 50' 54.64'' E
6407/10-1,64° 13' 40.66'' N,7° 11' 29.81'' E
30/5-2,60° 30' 16.3'' N,2° 38' 12.71'' E
6507/5-5,65° 42' 8.01'' N,7° 35' 45.36'' E
31/5-4 A,60° 43' 16.19'' N,3° 33' 43.06'' E
2/7-17,56° 20' 13'' N,3° 6' 4'' E
34/7-19,61° 23' 38.96'' N,2° 5' 31.46'' E
34/7-21 A,61° 17' 36.84'' N,2° 4' 21.14'' E
25/11-14 S,59° 11' 17.31'' N,2° 22' 11.64'' E
34/8-9 S,61° 18' 50.53'' N,2° 23' 17.89'' E
34/8-12 S,61° 16' 4.9'' N,2° 20' 31.95'' E
31/2-18,60° 54' 10.49'' N,3° 34' 41.79'' E
7316/5-1,73° 31' 11.89'' N,16° 25' 59.7'' E
6407/1-4,64° 51' 46.05'' N,7° 1' 21.25'' E
34/7-10,61° 25' 2.64'' N,2° 7' 36.23'' E
33/9-15,61° 24' 24.67'' N,1° 57' 15.76'' E
6507/7-13,65° 24' 4.53'' N,7° 19' 49.2'' E
36/7-3,61° 25' 33.12'' N,4° 2' 59.61'' E
16/1-5,58° 47' 53.52'' N,2° 9' 12.14'' E
24/6-3,59° 34' 44.57'' N,1° 54' 47.45'' E
2/4-12,56° 31' 26.6'' N,3° 8' 35.9'' E
2/7-2,56° 16' 0.85'' N,3° 9' 9.04'' E
6406/6-4,64° 38' 31.63'' N,6° 46' 2.72'' E
2/4-16 R,56° 40' 37.23'' N,3° 9' 2.07'' E
6508/1-3,65° 58' 25.75'' N,8° 9' 49.92'' E
6406/6-5 S,64° 35' 47.28'' N,6° 51' 15.27'' E
24/9-7 B,59° 28' 42.6'' N,1° 57' 44.49'' E
2/1-6,56° 55' 14.81'' N,3° 1' 38.37'' E
6507/3-2,65° 45' 25.29'' N,7° 55' 18.79'' E
2/9-2,56° 20' 56.66'' N,3° 56' 0.7'' E
6506/11-5 S,65° 5' 17.5'' N,6° 39' 44'' E
2/4-7,56° 38' 5.4'' N,3° 16' 45.3'' E
6507/3-8,65° 59' 28.3'' N,7° 59' 27.6'' E
16/3-3,58° 49' 44.79'' N,2° 58' 21.84'' E
16/4-2,58° 35' 47.17'' N,2° 1' 48.03'' E
6407/9-8,64° 23' 7.69'' N,7° 57' 37.47'' E
29/3-1,60° 57' 50.24'' N,1° 56' 13.25'' E
33/9-20 S,61° 23' 48.26'' N,1° 44' 27.25'' E
30/6-3,60° 34' 52.98'' N,2° 47' 1.41'' E
16/1-18,58° 50' 28.11'' N,2° 17' 21.97'' E
2/8-4,56° 17' 53.8'' N,3° 20' 38.06'' E
34/7-34,61° 23' 22.5'' N,2° 8' 32.3'' E
6407/8-4 A,64° 26' 47.8'' N,7° 38' 54.2'' E
16/2-15,58° 47' 0.09'' N,2° 33' 34.49'' E
6610/7-2,66° 27' 49.61'' N,10° 10' 10.92'' E
7222/6-1 S,72° 37' 25.01'' N,22° 55' 51.4'' E
24/9-9 B,59° 19' 40.49'' N,1° 50' 17.27'' E
16/4-3,58° 42' 18.51'' N,2° 3' 51.45'' E
1/3-1,56° 51' 21'' N,2° 51' 5'' E
30/11-3,60° 2' 38.59'' N,2° 32' 15.47'' E
30/5-1,60° 31' 49.6'' N,2° 22' 11.7'' E
7321/9-1,73° 16' 7.34'' N,21° 41' 0.68'' E
2/9-1,56° 22' 11.88'' N,3° 39' 59.77'' E
17/10-1,58° 1' 54'' N,3° 9' 58'' E
3/7-6,56° 25' 49.44'' N,4° 18' 2.98'' E
2/11-9,56° 8' 49.19'' N,3° 27' 15.34'' E
7228/2-1 S,72° 51' 9.75'' N,28° 26' 29.61'' E
25/10-2 R,59° 9' 39.27'' N,2° 11' 35.88'' E
6507/11-8,65° 6' 41.74'' N,7° 30' 33.21'' E
9/2-5,57° 45' 15.3'' N,4° 21' 21.16'' E
31/2-5 R,60° 46' 16.2'' N,3° 25' 53.46'' E
34/10-10,61° 10' 27.95'' N,2° 14' 43.12'' E
6407/6-2 R2,64° 42' 29.56'' N,7° 40' 32.59'' E
34/6-4,61° 38' 46.65'' N,2° 49' 29.17'' E
34/10-41 S,61° 13' 54.34'' N,2° 5' 42.3'' E
6507/8-8,65° 16' 52.5'' N,7° 25' 27.66'' E
9/11-1,57° 0' 41.4'' N,4° 31' 40.6'' E
15/3-6,58° 46' 23.41'' N,1° 45' 14.9'' E
34/8-3,61° 24' 28.04'' N,2° 32' 45.06'' E
35/3-5,61° 47' 46.71'' N,3° 54' 44.01'' E
33/9-18,61° 15' 40.78'' N,1° 56' 7.73'' E
34/5-1 A,61° 44' 35.19'' N,2° 35' 55.37'' E
35/8-7 S,61° 16' 8.62'' N,3° 30' 23.14'' E
2/3-3,56° 48' 18.9'' N,3° 58' 11.5'' E
2/5-9,56° 32' 7.18'' N,3° 33' 13.43'' E
24/12-1 R,59° 2' 29.8'' N,1° 52' 57.93'' E
15/5-5,58° 43' 3.4'' N,1° 38' 39.41'' E
15/3-3,58° 52' 31.25'' N,1° 46' 46.24'' E
15/3-4,58° 49' 5.28'' N,1° 52' 59.82'' E
17/12-3,58° 11' 32.84'' N,3° 51' 44.06'' E
34/6-3 A,61° 34' 29.55'' N,2° 43' 48.69'' E
15/12-17 S,58° 1' 42.68'' N,1° 55' 23.46'' E
35/11-6,61° 11' 45.82'' N,3° 27' 55.46'' E
10/8-1,57° 25' 0.01'' N,5° 34' 21.71'' E
24/9-4,59° 23' 21.95'' N,1° 47' 20.29'' E
34/2-5 S,61° 45' 34'' N,2° 35' 9.34'' E
34/10-29,61° 10' 33.06'' N,2° 11' 28.76'' E
26/4-2,59° 44' 22.02'' N,3° 6' 3.67'' E
2/4-20,56° 36' 43.17'' N,3° 8' 40.08'' E
25/10-4 R,59° 11' 25.53'' N,2° 19' 49.62'' E
15/6-11 S,58° 34' 8.62'' N,1° 42' 10.61'' E
6201/11-2,62° 1' 7.62'' N,1° 25' 16.78'' E
24/9-7 C,59° 28' 42.6'' N,1° 57' 44.49'' E
34/10-3 R,61° 12' 49.48'' N,2° 11' 55.03'' E
34/10-3,61° 12' 49.48'' N,2° 11' 55.03'' E
35/6-2 S,61° 32' 0.98'' N,3° 54' 40.72'' E
6608/10-14 S,66° 8' 58.46'' N,8° 14' 45.76'' E
2/8-9,56° 17' 49.3'' N,3° 23' 4'' E
2/7-4,56° 27' 52.03'' N,3° 6' 12'' E
33/9-7,61° 20' 12.17'' N,1° 59' 12.66'' E
6407/8-5 A,64° 20' 56.6'' N,7° 33' 44.3'' E
6407/2-6 S,64° 46' 17.2'' N,7° 36' 19'' E
25/11-1,59° 10' 57.35'' N,2° 24' 24.89'' E
7/8-3,57° 15' 30.58'' N,2° 32' 45.78'' E
34/4-2,61° 30' 30.93'' N,2° 4' 17.04'' E
11/9-1,57° 16' 33.2'' N,6° 44' 52.6'' E
4/4-1,56° 38' 8.65'' N,5° 8' 11.53'' E
30/9-21 A,60° 25' 29.12'' N,2° 41' 38.47'' E
35/10-1,61° 7' 2.05'' N,3° 13' 34.87'' E
25/2-11,59° 52' 27.86'' N,2° 30' 59.58'' E
34/3-4 A,61° 48' 7.42'' N,2° 52' 5.97'' E
31/5-5 R,60° 41' 49.66'' N,3° 29' 8.74'' E
30/9-3 A,60° 28' 16.33'' N,2° 45' 37.55'' E
8/10-5 S,57° 3' 32.64'' N,3° 6' 46.97'' E
6507/1-1,65° 56' 19.02'' N,7° 15' 39.03'' E
6407/7-9 A,64° 18' 59.25'' N,7° 9' 24.4'' E
31/5-6,60° 43' 19.78'' N,3° 21' 26.35'' E
34/10-7 R,61° 12' 13.44'' N,2° 16' 28.56'' E
6406/3-6,64° 47' 43.56'' N,6° 57' 55.17'' E
16/1-24,58° 46' 45.59'' N,2° 6' 35.01'' E
15/12-6 S,58° 4' 40.3'' N,1° 53' 25.41'' E
7120/8-2,71° 20' 15.72'' N,20° 27' 57.61'' E
33/6-2,61° 32' 15.87'' N,1° 56' 33'' E
6407/9-10,64° 22' 32'' N,7° 46' 9.2'' E
6507/4-1,65° 38' 14.31'' N,7° 1' 18.46'' E
2/5-14 S,56° 36' 25.78'' N,3° 26' 2.53'' E
31/2-6,60° 54' 13.57'' N,3° 38' 49.53'' E
25/10-11,59° 12' 48.06'' N,2° 7' 42.29'' E
6608/10-3 R,66° 2' 6.66'' N,8° 4' 57.97'' E
25/8-17,59° 23' 32.14'' N,2° 20' 2.2'' E
2/8-17 S,56° 27' 21.19'' N,3° 36' 5.18'' E
7220/11-3 A,72° 1' 12.62'' N,20° 31' 41.23'' E
6506/11-2,65° 3' 25.32'' N,6° 37' 22.39'' E
7225/3-2,72° 57' 5.17'' N,25° 58' 23.34'' E
31/3-4,60° 57' 51.3'' N,3° 41' 16.85'' E
17/12-4,58° 10' 37.58'' N,3° 55' 11.05'' E
30/7-5,60° 29' 30.19'' N,2° 3' 27.4'' E
6406/6-1,64° 43' 48.23'' N,6° 42' 14.69'' E
35/12-1,61° 11' 4.06'' N,3° 57' 45.41'' E
36/7-4,61° 24' 59.72'' N,4° 4' 8.06'' E
2/4-1,56° 32' 40.23'' N,3° 11' 55.22'' E
7120/7-1,71° 18' 36.29'' N,20° 11' 22.21'' E
35/3-2,61° 51' 5.98'' N,3° 46' 28.22'' E
6407/1-8 A,64° 59' 55.64'' N,7° 11' 30.1'' E
7324/7-1 S,73° 29' 17.73'' N,24° 16' 48.5'' E
7122/6-1,71° 38' 19.32'' N,22° 48' 42.8'' E
6506/12-8,65° 0' 59.32'' N,6° 56' 58.75'' E
6507/8-3,65° 27' 34.61'' N,7° 38' 29.29'' E
7120/12-4,71° 3' 1.13'' N,20° 42' 32.16'' E
25/8-8 A,59° 25' 51.87'' N,2° 24' 18.73'' E
25/8-16 A,59° 24' 56.25'' N,2° 29' 2.34'' E
35/11-14 S,61° 9' 2.41'' N,3° 32' 51.76'' E
25/4-10 S,59° 30' 51.43'' N,2° 0' 13.78'' E
2/5-7,56° 43' 16.69'' N,3° 22' 1.07'' E
7325/1-1,73° 54' 48.7'' N,25° 7' 0.17'' E
25/4-13 S,59° 30' 39.23'' N,2° 4' 28.86'' E
6406/3-9,64° 58' 4.55'' N,6° 41' 12.73'' E
15/9-11,58° 24' 2.53'' N,1° 53' 41.79'' E
34/3-1 S,61° 48' 46.49'' N,2° 46' 47.16'' E
2/2-1,56° 47' 15.69'' N,3° 38' 15.62'' E
15/9-19 SR2,58° 26' 9.25'' N,1° 55' 47.05'' E
30/9-8 R,60° 25' 26.1'' N,2° 47' 58.38'' E
30/7-3,60° 17' 9.24'' N,2° 14' 54.44'' E
30/6-17,60° 34' 15.77'' N,2° 44' 59.84'' E
34/7-30 S,61° 15' 42.27'' N,2° 10' 13.5'' E
15/9-4,58° 24' 0.26'' N,1° 47' 6.93'' E
34/5-2 S,61° 43' 31.18'' N,2° 39' 17.51'' E
7324/10-1,73° 9' 49.45'' N,24° 18' 47.62'' E
25/7-3,59° 26' 8.81'' N,2° 19' 28'' E
7220/11-2 A,72° 0' 37.55'' N,20° 26' 9.01'' E
7220/6-2,72° 34' 13.1'' N,20° 58' 19.66'' E
15/9-14,58° 17' 23.19'' N,1° 41' 28.06'' E
6507/3-13,65° 59' 26.44'' N,7° 44' 43.02'' E
16/2-18 S,58° 49' 56.6'' N,2° 27' 51.2'' E
9/2-3,57° 45' 20.2'' N,4° 22' 13.5'' E
34/10-33 B,61° 7' 34.44'' N,2° 12' 57.1'' E
7125/4-1,71° 33' 0.8'' N,25° 14' 22.32'' E
8/10-1,57° 8' 1.04'' N,3° 3' 55.09'' E
15/6-16 S,58° 40' 14.54'' N,1° 43' 1.99'' E
6406/3-2,64° 51' 46.78'' N,6° 49' 51.87'' E
7120/1-2,71° 47' 29.04'' N,20° 16' 42.98'' E
2/4-16,56° 40' 37.23'' N,3° 9' 2.07'' E
25/11-19 SR,59° 12' 48.48'' N,2° 24' 6.88'' E
2/12-1,56° 14' 4.07'' N,3° 42' 27.5'' E
31/5-3,60° 44' 37.17'' N,3° 26' 20.44'' E
8/5-1,57° 33' 43.83'' N,3° 34' 49.67'' E
25/10-5,59° 10' 49.24'' N,2° 19' 26.97'' E
9/4-1,57° 35' 2'' N,4° 1' 13'' E
34/7-17,61° 20' 50.69'' N,2° 5' 42.31'' E
7/8-1,57° 19' 20.6'' N,2° 28' 28.8'' E
2/4-2,56° 32' 8.65'' N,3° 11' 54.57'' E
15/9-8,58° 22' 55.81'' N,1° 46' 28.32'' E
6607/12-2 S,66° 1' 17.99'' N,7° 51' 50.3'' E
2/9-3,56° 26' 3.38'' N,3° 47' 49.91'' E
6406/12-3 B,64° 1' 52.32'' N,6° 45' 17.58'' E
6608/10-12 A,66° 13' 45.69'' N,8° 18' 45.7'' E
25/11-17,59° 3' 26.66'' N,2° 29' 6.59'' E
34/11-3,61° 5' 45.25'' N,2° 31' 6.51'' E
25/4-6 S,59° 42' 35.43'' N,2° 19' 4.45'' E
31/4-12 A,60° 35' 45.4'' N,3° 9' 51.96'' E
31/4-8,60° 31' 22.82'' N,3° 0' 9.59'' E
2/7-25 S,56° 19' 59.69'' N,3° 14' 53.9'' E
35/10-4 B,61° 8' 55.52'' N,3° 17' 5.11'' E
1/9-6 S,56° 29' 3.85'' N,2° 56' 0.14'' E
16/2-19 A,58° 54' 12.28'' N,2° 29' 37.71'' E
35/3-4,61° 51' 54.54'' N,3° 52' 26.99'' E
6609/7-1,66° 24' 56.49'' N,9° 1' 14.91'' E
34/7-20,61° 26' 39.65'' N,2° 1' 49.98'' E
15/3-7,58° 50' 54.57'' N,1° 45' 8.59'' E
6507/12-2,65° 11' 48.9'' N,7° 51' 35.41'' E
25/5-4,59° 36' 33.22'' N,2° 28' 32.07'' E
25/8-15 S,59° 15' 58.13'' N,2° 26' 59.53'' E
16/10-5,58° 0' 3.58'' N,2° 7' 55.56'' E
36/1-1,61° 56' 40.36'' N,4° 15' 43.86'' E
7/11-7,57° 4' 10.04'' N,2° 26' 4.82'' E
30/3-8 S,60° 46' 57.87'' N,2° 53' 52.27'' E
30/9-11,60° 19' 27.89'' N,2° 55' 44'' E
15/6-9 S,58° 35' 13.71'' N,1° 44' 34.87'' E
7220/11-3 AR,72° 1' 12.62'' N,20° 31' 41.23'' E
6406/8-2,64° 28' 49.95'' N,6° 20' 17.62'' E
35/11-21 S,61° 9' 28.17'' N,3° 38' 56.48'' E
6205/3-1,62° 57' 8.62'' N,5° 56' 38.11'' E
34/10-6,61° 14' 37.09'' N,2° 13' 43.68'' E
7222/11-2,72° 6' 23.17'' N,22° 36' 47.74'' E
34/7-31 A,61° 18' 37.68'' N,2° 3' 59.81'' E
15/12-26,58° 8' 19.07'' N,1° 55' 36.23'' E
24/9-13 A,59° 17' 51.89'' N,1° 46' 2.45'' E
34/6-2 A,61° 35' 24.47'' N,2° 45' 14.08'' E
35/9-1 R,61° 23' 7.95'' N,3° 59' 3.72'' E
34/7-9,61° 29' 11.99'' N,2° 11' 43.6'' E
6608/11-8,66° 7' 39.86'' N,8° 20' 12.37'' E
6506/11-6,65° 1' 26.24'' N,6° 25' 10.71'' E
31/3-1,60° 46' 47.86'' N,3° 44' 3.4'' E
7131/4-1,71° 41' 40.98'' N,31° 0' 40.96'' E
16/1-8 R,58° 50' 8.63'' N,2° 14' 6.36'' E
7322/7-1,73° 24' 48.35'' N,22° 2' 22.18'' E
9/2-7 S,57° 45' 15.15'' N,4° 21' 21.75'' E
35/11-4,61° 1' 59.93'' N,3° 32' 53.58'' E
34/8-11,61° 21' 46.94'' N,2° 27' 37.54'' E
2/4-9,56° 36' 22.2'' N,3° 5' 8.5'' E
10/7-1,57° 28' 23.3'' N,5° 3' 33.21'' E
34/10-52 B,61° 4' 14.75'' N,2° 11' 31.5'' E
7220/4-1,72° 35' 19.67'' N,20° 14' 5.97'' E
25/1-1,59° 53' 17.4'' N,2° 4' 42.7'' E
7220/7-2 S,72° 26' 55.1'' N,20° 18' 25.9'' E
6406/2-5,64° 55' 53.83'' N,6° 26' 58.65'' E
3/5-1,56° 37' 25.78'' N,4° 25' 11.97'' E
33/6-4,61° 38' 58.23'' N,1° 44' 1.51'' E
7120/12-2,71° 7' 30.3'' N,20° 48' 19'' E
6407/9-5,64° 16' 42.35'' N,7° 44' 14.66'' E
15/12-7 S,58° 0' 49.93'' N,1° 58' 35.54'' E
7122/7-1,71° 17' 10.93'' N,22° 19' 7.02'' E
30/6-6,60° 36' 43.43'' N,2° 49' 54.11'' E
16/1-17,58° 50' 17.95'' N,2° 19' 23.32'' E
3/7-4,56° 24' 15.6'' N,4° 14' 22.24'' E
30/6-23 R,60° 40' 58.01'' N,2° 55' 58.97'' E
35/8-3,61° 21' 5.35'' N,3° 32' 2.63'' E
2/5-1,56° 38' 19.95'' N,3° 20' 7.94'' E
25/11-24,59° 6' 12.68'' N,2° 20' 27.73'' E
30/6-13,60° 33' 14.59'' N,2° 49' 21.76'' E
7226/2-1,72° 53' 31.6'' N,26° 35' 39.5'' E
6506/12-1,65° 10' 7.58'' N,6° 43' 44.07'' E
33/9-21 B,61° 23' 48.26'' N,1° 44' 27.25'' E
25/9-2 B,59° 22' 56.26'' N,2° 41' 46.89'' E
25/10-8 A,59° 1' 48.48'' N,2° 13' 25.35'' E
16/1-5 A,58° 47' 53.52'' N,2° 9' 12.14'' E
6604/10-1,66° 11' 0.1'' N,4° 11' 42.79'' E
33/9-2,61° 17' 53.75'' N,1° 53' 41.41'' E
6507/6-4 S,65° 38' 6.2'' N,7° 43' 32.8'' E
15/9-22,58° 20' 42.41'' N,1° 40' 55.12'' E
17/12-2,58° 8' 19.7'' N,3° 42' 10.9'' E
6407/9-6 R,64° 19' 58.07'' N,7° 44' 23.7'' E
6405/10-1,64° 0' 49.1'' N,5° 16' 45.8'' E
2/5-6,56° 34' 13.24'' N,3° 37' 16.57'' E
7324/8-3,73° 26' 4'' N,24° 23' 21.67'' E
15/12-21,58° 13' 40.47'' N,1° 52' 56.82'' E
6406/3-4,64° 53' 0.11'' N,6° 50' 48.55'' E
31/2-1 R,60° 46' 19.16'' N,3° 33' 15.87'' E
34/10-4,61° 12' 15.65'' N,2° 13' 55.96'' E
7121/8-1,71° 25' 43.88'' N,21° 38' 26.56'' E
7220/6-1,72° 33' 12.56'' N,20° 59' 26.86'' E
6507/7-13 A,65° 24' 4.53'' N,7° 19' 49.2'' E
15/6-8 A,58° 32' 57.58'' N,1° 52' 55.9'' E
6608/11-3,66° 6' 34.01'' N,8° 29' 48.87'' E
7321/8-2 S,73° 22' 25.61'' N,21° 35' 11.54'' E
6407/7-8 A,64° 25' 49.3'' N,7° 7' 38.5'' E
25/11-25 S,59° 8' 48.64'' N,2° 23' 21.12'' E
2/4-15 S,56° 40' 27.25'' N,3° 8' 38.79'' E
15/6-13 A,58° 36' 55.48'' N,1° 45' 40.58'' E
6506/11-10,65° 13' 50.54'' N,6° 25' 47.44'' E
6201/11-3,62° 2' 44.96'' N,1° 30' 13.07'' E
30/6-17 R,60° 34' 15.77'' N,2° 44' 59.84'' E
7220/5-3,72° 35' 53.36'' N,20° 22' 59.75'' E
25/9-4,59° 25' 24.36'' N,2° 47' 15.1'' E
31/5-1,60° 43' 33.17'' N,3° 32' 57.01'' E
6407/7-1 S,64° 16' 31.49'' N,7° 12' 21.12'' E
6608/10-5,66° 10' 25.69'' N,8° 15' 3.04'' E
8/10-5 A,57° 3' 32.64'' N,3° 6' 46.97'' E
7220/2-1,72° 48' 43.85'' N,20° 33' 26.97'' E
16/1-21 S,58° 55' 41.83'' N,2° 13' 22.97'' E
30/6-5,60° 41' 20.6'' N,2° 57' 11.09'' E
16/1-16,58° 54' 47.78'' N,2° 15' 54.62'' E
31/2-22 A,60° 58' 48.13'' N,3° 30' 17.16'' E
35/11-18,61° 9' 24.41'' N,3° 20' 38.09'' E
32/2-1,60° 46' 29.35'' N,4° 20' 0.36'' E
6608/6-1,66° 30' 2.69'' N,8° 56' 19.24'' E
34/10-32,61° 4' 33.37'' N,2° 12' 43.59'' E
15/3-11,58° 49' 8.09'' N,1° 52' 2.41'' E
24/9-15 S,59° 20' 29.04'' N,1° 49' 55.35'' E
30/3-10 S,60° 47' 43.5'' N,2° 41' 11.8'' E
7219/9-1,72° 24' 0.78'' N,19° 57' 11.68'' E
31/7-3 S,60° 26' 42.61'' N,3° 3' 13.72'' E
30/11-14,60° 11' 29.91'' N,2° 35' 11.08'' E
35/11-20 S,61° 13' 20.29'' N,3° 26' 25.57'' E
6406/9-3,64° 25' 15.99'' N,6° 58' 42.79'' E
6305/5-1,63° 32' 27.5'' N,5° 20' 14.9'' E
25/1-11 R,59° 47' 25.12'' N,2° 13' 6.43'' E
9/8-1,57° 20' 33.97'' N,4° 20' 12.98'' E
7120/1-4 S,71° 56' 19.5'' N,20° 10' 8.91'' E
30/3-7 S,60° 46' 57.98'' N,2° 53' 51.95'' E
15/3-2 R,58° 59' 0.5'' N,1° 47' 12.6'' E
2/7-11,56° 19' 49.38'' N,3° 18' 29.13'' E
6507/5-9 S,65° 39' 35.84'' N,7° 38' 50.85'' E
6506/9-2 S,65° 15' 51.04'' N,6° 44' 4.36'' E
9/2-4 S,57° 49' 7.48'' N,4° 31' 10.74'' E
25/4-13 A,59° 30' 39.23'' N,2° 4' 28.86'' E
35/11-4 R,61° 1' 59.93'' N,3° 32' 53.58'' E
6604/2-1,66° 47' 1.79'' N,4° 33' 34.85'' E
6608/8-1,66° 18' 32.69'' N,8° 30' 58.84'' E
30/9-5 S,60° 21' 31.34'' N,2° 53' 37.09'' E
7119/7-1,71° 23' 42.4'' N,19° 15' 18.43'' E
6305/8-2,63° 19' 42.05'' N,5° 21' 36.69'' E
6406/1-1,64° 54' 28.39'' N,6° 17' 41.75'' E
8/10-3,57° 2' 23.57'' N,3° 17' 1.85'' E
7228/7-1 B,72° 15' 28.9'' N,28° 8' 59.7'' E
35/11-21 A,61° 9' 28.17'' N,3° 38' 56.48'' E
6407/6-3,64° 42' 31.77'' N,7° 40' 9.84'' E
7220/11-4 A,72° 2' 27.88'' N,20° 33' 7.97'' E
6406/2-6 A,64° 45' 31.34'' N,6° 22' 54.69'' E
30/3-6 S,60° 46' 57.87'' N,2° 53' 51.95'' E
1/2-1,56° 53' 15.07'' N,2° 28' 35.7'' E
7225/3-1,72° 54' 58.31'' N,25° 52' 2.67'' E
31/3-3,60° 50' 2.29'' N,3° 50' 38.16'' E
34/2-4,61° 45' 20.11'' N,2° 39' 37.64'' E
9/2-8 S,57° 49' 7.58'' N,4° 31' 11'' E
34/8-14 A,61° 18' 37.9'' N,2° 20' 32.9'' E
33/9-19 S,61° 28' 33.56'' N,1° 59' 50.6'' E
7/12-9,57° 4' 21.52'' N,2° 52' 56.51'' E
15/12-8,58° 3' 1.85'' N,1° 58' 3.41'' E
30/6-10 A,60° 36' 29.53'' N,2° 46' 24.74'' E
7324/8-1,73° 27' 6.18'' N,24° 24' 15.42'' E
6608/10-18,66° 6' 9.54'' N,8° 4' 23.11'' E
15/6-14 S,58° 34' 19.83'' N,1° 41' 48.45'' E
34/12-1,61° 13' 19.88'' N,2° 59' 55.62'' E
30/6-10,60° 36' 29.53'' N,2° 46' 24.74'' E
2/11-6 S,56° 10' 35.5'' N,3° 27' 36.72'' E
6507/7-14 S,65° 25' 35.84'' N,7° 10' 28.05'' E
31/2-13 S,60° 47' 14.15'' N,3° 26' 3.43'' E
16/5-2 S,58° 44' 43.55'' N,2° 37' 58.2'' E
31/2-16 SR,60° 46' 0.2'' N,3° 25' 26.9'' E
1/9-6 SR,56° 29' 3.85'' N,2° 56' 0.14'' E
7324/7-3 S,73° 26' 30.83'' N,24° 15' 40.08'' E
30/2-5 S,60° 56' 11.23'' N,2° 37' 12.51'' E
2/8-1,56° 17' 47.2'' N,3° 26' 59.7'' E
33/9-19 A,61° 28' 33.56'' N,1° 59' 50.6'' E
16/1-23 S,58° 49' 47.06'' N,2° 16' 55.78'' E
2/4-8,56° 38' 15.6'' N,3° 18' 55'' E
17/9-1 R,58° 28' 27.26'' N,3° 50' 16.18'' E
1/3-2,56° 56' 10'' N,2° 45' 0'' E
6305/8-1,63° 28' 34.84'' N,5° 24' 14.59'' E
34/10-48 A,61° 12' 53.78'' N,2° 16' 27.79'' E
34/7-21,61° 17' 36.84'' N,2° 4' 21.14'' E
7220/8-1,72° 29' 28.92'' N,20° 20' 2.25'' E
6507/11-5 S,65° 0' 18.57'' N,7° 33' 25.23'' E
15/9-24,58° 16' 27.5'' N,1° 58' 55.9'' E
6507/2-2,65° 55' 1.69'' N,7° 30' 54.56'' E
6406/2-4 SR,64° 47' 58.34'' N,6° 32' 29.26'' E
8/10-6 S,57° 3' 9.92'' N,3° 3' 42.12'' E
25/8-19 A,59° 20' 13.21'' N,2° 21' 53.27'' E
35/10-4 A,61° 8' 55.44'' N,3° 17' 4.98'' E
25/5-1 A,59° 43' 47.19'' N,2° 34' 13.46'' E
31/2-5,60° 46' 16.2'' N,3° 25' 53.46'' E
6407/1-7 A,64° 57' 44.68'' N,7° 14' 6.28'' E
6407/6-6,64° 35' 28.82'' N,7° 44' 32.03'' E
1/3-11,56° 50' 58.47'' N,2° 43' 15.43'' E
34/7-35 S,61° 18' 3.71'' N,2° 12' 18.88'' E
30/11-5,60° 8' 50.39'' N,2° 33' 59.57'' E
30/11-6 S,60° 9' 32.53'' N,2° 37' 29.92'' E
25/1-11,59° 47' 25.12'' N,2° 13' 6.43'' E
7/11-2,57° 4' 15.2'' N,2° 24' 26.5'' E
6407/8-6 A,64° 21' 12.7'' N,7° 27' 44.48'' E
25/2-4,59° 58' 44.09'' N,2° 22' 58.88'' E
6406/2-1,64° 52' 15.19'' N,6° 36' 21.35'' E
30/3-5 S,60° 46' 57.82'' N,2° 53' 52.7'' E
7/8-2,57° 23' 39.35'' N,2° 35' 30.21'' E
7229/11-1,72° 12' 57.24'' N,29° 38' 29.75'' E
30/7-8,60° 29' 43.08'' N,2° 0' 20.56'' E
33/12-1,61° 12' 14.7'' N,1° 49' 28.5'' E
7120/6-2 S,71° 36' 0.6'' N,20° 49' 41.7'' E
6407/6-5,64° 38' 34.79'' N,7° 40' 3.87'' E
30/8-3,60° 26' 40.54'' N,2° 38' 58.02'' E
6507/3-10,65° 55' 43.48'' N,7° 54' 0.18'' E
33/12-7,61° 7' 35.72'' N,1° 54' 32.5'' E
30/7-4,60° 29' 29.72'' N,2° 3' 24.32'' E
34/10-49 A,61° 7' 45.06'' N,2° 5' 26.13'' E
6406/3-1,64° 45' 29.77'' N,6° 49' 21.77'' E
25/6-3,59° 42' 3.03'' N,2° 55' 26.04'' E
7/12-1 S,57° 6' 0.5'' N,2° 50' 57'' E
6506/3-1,65° 48' 20.75'' N,6° 44' 32.64'' E
35/11-13,61° 9' 44.1'' N,3° 32' 21.4'' E
8/3-2,57° 54' 6.61'' N,3° 47' 45.41'' E
6407/6-2 R,64° 42' 29.56'' N,7° 40' 32.59'' E
33/9-11,61° 29' 26.13'' N,1° 52' 46.01'' E
15/6-12,58° 37' 48.51'' N,1° 44' 15.47'' E
31/2-17 B,60° 52' 57.08'' N,3° 27' 5.79'' E
6507/3-4,65° 59' 16.6'' N,7° 50' 45.6'' E
6608/10-7,66° 4' 41.5'' N,8° 14' 43.28'' E
6604/5-2 S,66° 36' 33.48'' N,4° 35' 34.3'' E
34/10-23,61° 1' 6.35'' N,2° 19' 1.57'' E
7220/11-2,72° 0' 37.55'' N,20° 26' 9.01'' E
25/8-3,59° 16' 21.53'' N,2° 31' 18.25'' E
33/6-1,61° 32' 14.83'' N,1° 51' 57.55'' E
35/1-2 S,61° 51' 56.18'' N,3° 3' 21.37'' E
16/1-31 A,58° 51' 47.5'' N,2° 18' 12.35'' E
7123/4-1 A,71° 36' 49.3'' N,23° 3' 48.7'' E
30/6-20,60° 37' 20.52'' N,2° 42' 18.52'' E
34/10-31,61° 10' 32.4'' N,2° 11' 15.46'' E
31/2-8,60° 57' 33.02'' N,3° 29' 49.84'' E
2/7-14,56° 29' 20.3'' N,3° 14' 2.65'' E
34/7-29 S,61° 21' 51.69'' N,2° 2' 23.37'' E
16/3-4,58° 48' 11.36'' N,2° 43' 8.3'' E
6406/12-4 A,64° 1' 7.48'' N,6° 46' 31.29'' E
6/3-1,57° 58' 10.2'' N,1° 55' 30.38'' E
9/4-2,57° 41' 11.05'' N,4° 2' 34.85'' E
30/3-2 R,60° 47' 49.23'' N,2° 55' 18.06'' E
7218/11-1,72° 5' 29.1'' N,18° 25' 58.6'' E
6507/3-9 S,65° 56' 44.38'' N,7° 41' 32.91'' E
16/10-2,58° 8' 26.58'' N,2° 2' 14.91'' E
6507/3-1,65° 58' 29.85'' N,7° 49' 31.52'' E
25/1-12,59° 51' 26.7'' N,2° 10' 56.7'' E
1/6-3,56° 38' 36.4'' N,2° 55' 49.7'' E
34/7-26 SR,61° 16' 29.38'' N,2° 7' 11.41'' E
6506/12-5,65° 2' 28.6'' N,6° 58' 21.93'' E
30/8-1 S,60° 27' 46.93'' N,2° 38' 6.53'' E
6405/12-1,64° 11' 42.16'' N,5° 52' 12.7'' E
30/4-1,60° 37' 20.87'' N,2° 9' 34.61'' E
6706/6-2 S,67° 37' 20.6'' N,6° 45' 57.57'' E
25/4-3,59° 30' 44.2'' N,2° 5' 28.9'' E
6507/7-4,65° 19' 11.56'' N,7° 15' 44.99'' E
2/1-17 S,56° 49' 6.13'' N,3° 8' 19.54'' E
25/8-4,59° 15' 31.31'' N,2° 36' 42.97'' E
34/10-13,61° 12' 1.93'' N,2° 18' 3'' E
2/6-1,56° 35' 52'' N,3° 54' 55'' E
6407/2-4,64° 57' 47.4'' N,7° 26' 51.2'' E
30/9-20 S,60° 19' 1.67'' N,2° 48' 3.38'' E
34/7-31,61° 18' 37.68'' N,2° 3' 59.81'' E
7120/9-2,71° 29' 40.81'' N,20° 42' 5.38'' E
6507/7-11 S,65° 18' 4.8'' N,7° 7' 42.27'' E
30/9-4 S,60° 28' 12.83'' N,2° 45' 32.05'' E
25/10-13 S,59° 9' 42.52'' N,2° 14' 23.67'' E
2/4-18 R,56° 41' 57.72'' N,3° 9' 44.24'' E
34/10-26,61° 12' 59.9'' N,2° 16' 23.77'' E
2/6-5,56° 35' 36.69'' N,3° 45' 42.73'' E
6406/12-5 S,64° 3' 37.84'' N,6° 50' 38.82'' E
7/4-2,57° 30' 13.5'' N,2° 18' 33.18'' E
25/2-9,59° 53' 10.16'' N,2° 22' 15.09'' E
24/9-11 S,59° 29' 6.82'' N,1° 50' 7.66'' E
6609/5-1,66° 37' 42.73'' N,9° 24' 52.17'' E
6403/10-1,64° 3' 39.22'' N,3° 0' 10.88'' E
3/7-10 S,56° 27' 10.7'' N,4° 4' 46.32'' E
6507/7-8,65° 17' 52.68'' N,7° 18' 49.87'' E
6406/6-3,64° 34' 24.49'' N,6° 58' 27.53'' E
6407/9-12,64° 22' 16.3'' N,7° 53' 42.39'' E
6507/7-9,65° 19' 31.55'' N,7° 19' 3.95'' E
33/9-18 A,61° 15' 40.78'' N,1° 56' 7.73'' E
25/8-9,59° 28' 6.08'' N,2° 30' 24.9'' E
31/5-4 S,60° 43' 16.19'' N,3° 33' 43.06'' E
26/5-1,59° 40' 18.91'' N,3° 38' 35.7'' E
30/9-21 S,60° 25' 29.12'' N,2° 41' 38.47'' E
31/2-17 S,60° 52' 57.08'' N,3° 27' 5.79'' E
7324/7-2,73° 29' 27.09'' N,24° 14' 2.56'' E
34/10-42 S,61° 0' 26.99'' N,2° 17' 3.46'' E
25/11-25 A,59° 8' 48.64'' N,2° 23' 21.12'' E
25/6-2,59° 33' 39.83'' N,2° 49' 13.44'' E
16/1-14,58° 53' 9.28'' N,2° 12' 10.46'' E
16/2-9 S,58° 54' 46.39'' N,2° 26' 22.8'' E
6407/11-1,64° 12' 22.82'' N,7° 29' 33.28'' E
7324/6-1,73° 39' 7.06'' N,24° 58' 35.17'' E
25/11-13,59° 11' 26.49'' N,2° 23' 24.09'' E
16/10-1,58° 3' 23.68'' N,2° 3' 14.05'' E
35/8-1,61° 21' 26.37'' N,3° 21' 44.09'' E
1/3-10,56° 55' 39.86'' N,2° 42' 20.69'' E
16/2-5,58° 48' 50.74'' N,2° 22' 11.05'' E
34/7-7,61° 26' 54.53'' N,2° 5' 55.69'' E
30/9-1,60° 28' 25.09'' N,2° 52' 45.38'' E
25/10-9,59° 6' 34.67'' N,2° 10' 7.8'' E
34/10-2,61° 6' 7.92'' N,2° 13' 39.96'' E
2/5-11,56° 42' 16.23'' N,3° 23' 1.65'' E
15/9-18,58° 21' 1.95'' N,1° 48' 12.27'' E
7121/4-2,71° 39' 26.09'' N,21° 3' 45.96'' E
2/11-4,56° 14' 50.37'' N,3° 23' 18.92'' E
6406/2-3,64° 58' 40.8'' N,6° 24' 37.71'' E
7216/11-1 S,72° 0' 56.72'' N,16° 36' 22'' E
33/12-9 S,61° 1' 46.89'' N,1° 56' 0.72'' E
30/6-23,60° 40' 58.01'' N,2° 55' 58.97'' E
25/2-10 SR,59° 53' 11.8'' N,2° 30' 8.33'' E
30/6-28 S,60° 33' 59.47'' N,2° 44' 40.7'' E
30/9-16,60° 15' 10.35'' N,2° 45' 0.84'' E
36/7-2,61° 18' 23.5'' N,4° 19' 47'' E
6608/2-1 S,66° 58' 7.03'' N,8° 23' 37.61'' E
7132/2-1,71° 51' 55.88'' N,32° 25' 56.4'' E
2/1-5,56° 47' 54.06'' N,3° 12' 21.39'' E
15/12-13,58° 2' 3.83'' N,1° 55' 4.57'' E
35/8-6 S,61° 19' 41.65'' N,3° 20' 17.06'' E
34/10-45 A,61° 12' 9.93'' N,2° 12' 5.93'' E
31/6-6,60° 41' 57.08'' N,3° 56' 4.61'' E
24/12-2,59° 12' 0.75'' N,1° 52' 53.34'' E
33/9-16,61° 23' 28.81'' N,1° 57' 1.93'' E
6406/9-1 A,64° 26' 46.85'' N,6° 48' 55.23'' E
6611/1-1,66° 47' 39.64'' N,11° 1' 11.61'' E
6610/3-1 R2,66° 55' 29.7'' N,10° 54' 6.28'' E
15/12-22,58° 12' 12.3'' N,1° 59' 14.4'' E
16/4-6 S,58° 41' 33.84'' N,2° 13' 52.02'' E
2/1-16 S,56° 51' 1.72'' N,3° 18' 52.69'' E
35/11-17,61° 3' 31.22'' N,3° 31' 56.88'' E
16/5-8 S,58° 43' 37.32'' N,2° 21' 11.7'' E
34/2-3,61° 47' 20.91'' N,2° 30' 4.6'' E
6608/10-13,66° 0' 25.47'' N,8° 18' 10.22'' E
6407/9-6,64° 19' 58.07'' N,7° 44' 23.7'' E
24/12-6 S,59° 3' 54.14'' N,1° 45' 15.24'' E
25/11-7,59° 10' 33.07'' N,2° 21' 47.23'' E
25/1-4,59° 59' 52.51'' N,2° 15' 54.8'' E
25/2-13,59° 47' 37.69'' N,2° 27' 12.52'' E
15/9-19 SR,58° 26' 9.25'' N,1° 55' 47.05'' E
30/9-13 SR,60° 21' 37.69'' N,2° 43' 17.78'' E
16/11-1 S,58° 4' 4'' N,2° 34' 8'' E
6306/10-1,63° 9' 26.32'' N,6° 19' 41.45'' E
15/12-2,58° 8' 31.05'' N,1° 55' 47.27'' E
16/5-5,58° 38' 25.84'' N,2° 20' 54.44'' E
6407/4-2,64° 35' 36.71'' N,7° 10' 35.49'' E
16/1-6 S,58° 59' 27.95'' N,2° 17' 43.07'' E
6608/10-3,66° 2' 6.66'' N,8° 4' 57.97'' E
24/9-10 A,59° 16' 34.73'' N,1° 55' 36.13'' E
7/8-5 S,57° 15' 2.65'' N,2° 34' 10.91'' E
6507/11-7,65° 10' 54.58'' N,7° 21' 52.8'' E
1/6-7,56° 33' 20.01'' N,2° 54' 11.18'' E
30/3-9,60° 47' 34.27'' N,2° 41' 43.29'' E
34/10-53 S,61° 4' 4.71'' N,2° 7' 0.34'' E
34/4-9 S,61° 30' 44.75'' N,2° 10' 18.12'' E
6507/3-5 S,65° 58' 6.5'' N,7° 48' 35.4'' E
6707/10-3 S,67° 11' 31.58'' N,7° 19' 34.06'' E
31/2-16 S,60° 46' 0.2'' N,3° 25' 26.9'' E
2/11-6 SR,56° 10' 35.5'' N,3° 27' 36.72'' E
6506/12-12 S,65° 13' 1.19'' N,6° 54' 29.77'' E
2/1-14 S,56° 54' 17.31'' N,3° 5' 6.38'' E
7120/7-2,71° 19' 11.49'' N,20° 19' 44.31'' E
16/2-13 A,58° 49' 58.48'' N,2° 39' 10.34'' E
30/8-2,60° 27' 24.51'' N,2° 21' 47.92'' E
31/4-2,60° 36' 14.6'' N,3° 0' 26.7'' E
7/12-3,57° 6' 24.54'' N,2° 48' 41.56'' E
2/11-10 S,56° 10' 35.52'' N,3° 27' 36.22'' E
7119/12-2,71° 0' 51.81'' N,19° 58' 20.81'' E
7224/6-1,72° 37' 29.09'' N,24° 54' 43.41'' E
25/1-8 SR3,59° 54' 3.28'' N,2° 6' 9.79'' E
2/7-10,56° 28' 31.7'' N,3° 4' 59.7'' E
16/8-2,58° 20' 59.81'' N,2° 24' 59.58'' E
25/4-1,59° 34' 27.3'' N,2° 13' 22.6'' E
6506/6-1,65° 31' 54.88'' N,6° 57' 47.3'' E
30/11-10,60° 14' 4.27'' N,2° 30' 37.16'' E
25/8-8 B,59° 25' 51.87'' N,2° 24' 18.73'' E
6407/8-7,64° 23' 4.27'' N,7° 33' 42.94'' E
31/2-1,60° 46' 19.16'' N,3° 33' 15.87'' E
25/3-1,59° 55' 52.99'' N,2° 46' 21.34'' E
9/1-1 S,57° 53' 37.03'' N,4° 0' 56.02'' E
29/6-1,60° 32' 17.94'' N,1° 59' 24.05'' E
30/6-18,60° 30' 30.65'' N,2° 41' 20.65'' E
6508/5-1,65° 42' 51.22'' N,8° 28' 35.37'' E
8/1-1,57° 51' 45.5'' N,3° 12' 27.64'' E
2/7-23 S,56° 19' 59.81'' N,3° 14' 53.63'' E
34/3-3 A,61° 47' 42.49'' N,2° 43' 4.38'' E
16/1-33 S,58° 58' 42.92'' N,2° 10' 30.77'' E
31/4-9,60° 32' 2.29'' N,3° 5' 26.92'' E
36/1-2,61° 53' 0.25'' N,4° 0' 52.19'' E
7124/3-1,71° 45' 36.03'' N,24° 46' 49.99'' E
6305/12-1,63° 1' 25.73'' N,5° 47' 23.94'' E
6407/7-3 R,64° 16' 44.34'' N,7° 9' 0.13'' E
34/7-33,61° 19' 2.5'' N,2° 5' 46.4'' E
2/4-23 S,56° 41' 26.95'' N,3° 6' 6.95'' E
6507/8-2,65° 20' 18.11'' N,7° 26' 15.04'' E
24/6-1,59° 36' 0.25'' N,1° 55' 25.16'' E
6507/7-10,65° 23' 26.83'' N,7° 19' 56.32'' E
2/9-6 S,56° 21' 35.26'' N,3° 53' 5.25'' E
6507/3-3 B,65° 48' 3.73'' N,7° 43' 28.69'' E
7120/8-3,71° 27' 48.77'' N,20° 36' 9.47'' E
7/12-6,57° 7' 16.85'' N,2° 50' 4.14'' E
34/10-46 S,61° 10' 33.86'' N,2° 11' 23.22'' E
30/6-4,60° 30' 35.66'' N,2° 50' 53.78'' E
25/10-1 R,59° 11' 21.72'' N,2° 19' 11.83'' E
2/7-16,56° 25' 21.68'' N,3° 5' 41.87'' E
16/2-19,58° 54' 12.28'' N,2° 29' 37.71'' E
6407/7-8,64° 25' 49.3'' N,7° 7' 38.5'' E
7/7-4,57° 22' 37.81'' N,2° 16' 4.1'' E
6607/12-4,66° 3' 39.79'' N,7° 59' 5.89'' E
16/2-22 A,58° 55' 33.5'' N,2° 24' 33.2'' E
6407/9-7,64° 29' 48.05'' N,7° 51' 44.9'' E
34/10-25,61° 12' 11.6'' N,2° 12' 12.77'' E
34/2-1,61° 46' 28.06'' N,2° 33' 6.2'' E
15/3-10,58° 49' 9.04'' N,1° 52' 2.38'' E
25/11-14 SR,59° 11' 17.31'' N,2° 22' 11.64'' E
6407/9-4,64° 22' 14'' N,7° 43' 21.84'' E
6305/5-3 S,63° 34' 53.76'' N,5° 25' 7.38'' E
30/11-7,60° 0' 21.24'' N,2° 22' 25.62'' E
6608/10-1,66° 6' 56.92'' N,8° 10' 0.72'' E
6204/11-1,62° 11' 16.96'' N,4° 23' 57.85'' E
25/8-7,59° 28' 28.43'' N,2° 34' 28.57'' E
34/10-11,61° 13' 20.84'' N,2° 17' 32.9'' E
24/6-2,59° 33' 32.41'' N,1° 57' 17.26'' E
3/7-5,56° 28' 47'' N,4° 18' 17.6'' E
2/4-14 R,56° 41' 5.26'' N,3° 8' 43.08'' E
17/3-1,58° 55' 2.5'' N,3° 48' 21.33'' E
6506/11-8,65° 7' 13.6'' N,6° 26' 49.3'' E
25/2-1,59° 55' 30.2'' N,2° 23' 2'' E
34/8-8 R,61° 22' 46.19'' N,2° 28' 43.81'' E
34/7-19 R,61° 23' 38.96'' N,2° 5' 31.46'' E
3/7-11 S,56° 21' 48.47'' N,4° 8' 44.77'' E
6407/7-4 R,64° 15' 43.43'' N,7° 13' 25.84'' E
6406/8-1,64° 21' 55.01'' N,6° 26' 48.16'' E
31/7-1 A,60° 25' 31.55'' N,3° 1' 28.23'' E
16/1-7,58° 55' 58.63'' N,2° 7' 42.36'' E
30/9-17,60° 17' 39.08'' N,2° 49' 19.44'' E
2/6-6 S,56° 30' 40.73'' N,3° 54' 49.22'' E
7219/8-2,72° 19' 17.55'' N,19° 35' 21.28'' E
15/5-7,58° 33' 22.2'' N,1° 39' 19.3'' E
6507/5-9 A,65° 39' 35.84'' N,7° 38' 50.85'' E
34/8-4 S,61° 19' 29.58'' N,2° 25' 18.67'' E
16/3-1,58° 47' 12.88'' N,2° 47' 32.25'' E
3/6-1,56° 35' 0.14'' N,4° 53' 30.35'' E
30/9-24,60° 29' 4.7'' N,2° 42' 43.2'' E
33/9-6,61° 25' 12.8'' N,1° 48' 43.09'' E
25/10-2,59° 9' 39.27'' N,2° 11' 35.88'' E
2/7-7,56° 22' 2'' N,3° 15' 20'' E
31/2-17 BR,60° 52' 57.08'' N,3° 27' 5.79'' E
25/2-20,59° 52' 27.05'' N,2° 27' 29.23'' E
34/10-55 S,61° 12' 54.7'' N,2° 16' 26.88'' E
6608/10-12,66° 13' 45.69'' N,8° 18' 45.7'' E
6407/7-5,64° 18' 24.34'' N,7° 10' 50.58'' E
2/7-5,56° 28' 43'' N,3° 9' 28'' E
1/3-10 A,56° 55' 39.86'' N,2° 42' 20.69'' E
6407/10-4,64° 7' 51.78'' N,7° 1' 28.32'' E
30/6-22,60° 43' 57.26'' N,2° 58' 53.12'' E
16/1-10,58° 51' 14.61'' N,2° 16' 30.85'' E
30/11-9 S,60° 6' 10.86'' N,2° 35' 13.44'' E
7120/2-1,71° 58' 57.94'' N,20° 28' 35.09'' E
30/10-3,60° 3' 12.27'' N,2° 10' 2.06'' E
35/9-4 S,61° 19' 32.5'' N,3° 57' 55.23'' E
6407/8-5 S,64° 20' 56.6'' N,7° 33' 44.3'' E
25/10-4,59° 11' 25.53'' N,2° 19' 49.62'' E
25/8-14 S,59° 17' 53.39'' N,2° 30' 22.03'' E
34/8-17 S,61° 26' 5.92'' N,2° 35' 20.7'' E
25/11-2,59° 13' 0.5'' N,2° 24' 33.35'' E
2/8-10,56° 15' 53.32'' N,3° 24' 58.81'' E
15/12-17 A,58° 1' 42.68'' N,1° 55' 23.46'' E
16/3-8 S,58° 48' 23.35'' N,2° 40' 27.66'' E
24/9-1,59° 16' 9.48'' N,1° 47' 31.18'' E
8/10-4 A,57° 3' 53.8'' N,3° 2' 43.6'' E
2/11-11,56° 12' 11.75'' N,3° 23' 26.53'' E
25/11-27,59° 14' 15.09'' N,2° 32' 49.75'' E
6407/5-1,64° 36' 22.4'' N,7° 28' 26.54'' E
33/9-10,61° 28' 0.21'' N,1° 46' 29.63'' E
7119/12-4,71° 1' 42.91'' N,19° 49' 20.56'' E
25/7-4 S,59° 15' 30'' N,2° 15' 58.99'' E
25/5-9,59° 37' 4.69'' N,2° 23' 47.12'' E
35/11-11,61° 6' 31.42'' N,3° 33' 49.08'' E
6406/2-2 R,64° 49' 46.35'' N,6° 34' 15.43'' E
9/2-10,57° 48' 57.78'' N,4° 32' 7.6'' E
16/5-7,58° 42' 12.13'' N,2° 31' 8.81'' E
15/3-9,58° 49' 14.04'' N,1° 46' 20.71'' E
15/12-19,58° 0' 13.64'' N,1° 55' 16.36'' E
30/5-3 S,60° 39' 26.2'' N,2° 39' 33.2'' E
25/11-8,59° 11' 17.33'' N,2° 21' 39.92'' E
9/12-1,57° 11' 40'' N,4° 57' 21'' E
7/4-1,57° 44' 11.92'' N,2° 11' 38.95'' E
7128/6-1,71° 31' 4.99'' N,28° 49' 3.41'' E
6604/6-1,66° 36' 15.35'' N,4° 53' 56.34'' E
25/1-11 A,59° 47' 25.12'' N,2° 13' 6.43'' E
10/5-1,57° 34' 51.9'' N,5° 35' 25'' E
35/11-16 S,61° 8' 14.37'' N,3° 30' 35.87'' E
31/8-1,60° 22' 11.23'' N,3° 34' 4.94'' E
15/3-12 A,58° 46' 53.25'' N,1° 54' 13.44'' E
6507/3-7,65° 49' 24.3'' N,7° 43' 8.1'' E
25/6-5 S,59° 35' 27.12'' N,2° 45' 39.45'' E
11/10-1,57° 0' 46'' N,6° 10' 4.7'' E
29/9-1,60° 28' 33.19'' N,1° 59' 58.95'' E
33/9-8,61° 26' 17.44'' N,1° 55' 4.87'' E
2/7-12,56° 29' 43.76'' N,3° 0' 36.37'' E
25/2-18 A,59° 49' 30.11'' N,2° 37' 54.1'' E
6707/10-2 S,67° 2' 48.8'' N,7° 3' 38.3'' E
6608/10-8 A,66° 3' 34.07'' N,8° 10' 42.92'' E
6305/4-1,63° 34' 17.76'' N,5° 17' 55.93'' E
34/7-16 R2,61° 23' 13.06'' N,2° 6' 59.12'' E
6305/1-1,63° 46' 59.72'' N,5° 16' 19.57'' E
6407/8-7 A,64° 23' 4.27'' N,7° 33' 42.94'' E
2/7-8,56° 23' 8.6'' N,3° 19' 6.6'' E
2/4-13,56° 41' 3.98'' N,3° 8' 44.53'' E
25/1-8 SR2,59° 54' 3.28'' N,2° 6' 9.79'' E
6407/8-6,64° 21' 12.7'' N,7° 27' 44.48'' E
6507/7-16 S,65° 19' 54.62'' N,7° 11' 51.72'' E
7120/1-1 R2,71° 55' 0.83'' N,20° 18' 7.13'' E
6608/11-2,66° 7' 29.32'' N,8° 20' 57.39'' E
15/3-2,58° 59' 0.5'' N,1° 47' 12.6'' E
30/7-7,60° 16' 19.3'' N,2° 16' 7.3'' E
8/11-1,57° 6' 32'' N,3° 38' 25'' E
31/5-7,60° 34' 35.15'' N,3° 26' 36.15'' E
35/11-1,61° 10' 59.27'' N,3° 39' 44.95'' E
16/1-12,58° 48' 22.53'' N,2° 15' 50.77'' E
7317/9-1,73° 27' 50.46'' N,17° 48' 10.53'' E
31/2-19 S,60° 54' 37.5'' N,3° 22' 17.32'' E
7132/2-2,71° 50' 28.37'' N,32° 23' 17.84'' E
6507/7-15 S,65° 25' 31.81'' N,7° 5' 56.11'' E
6608/10-6,66° 3' 55.95'' N,8° 15' 26.07'' E
7120/6-3 S,71° 41' 2.43'' N,20° 43' 16.97'' E
7122/4-1,71° 44' 50.47'' N,22° 5' 6.39'' E
24/9-3,59° 22' 25.38'' N,1° 46' 27.28'' E
16/1-3,58° 48' 48.9'' N,2° 2' 56.45'' E
1/3-12 S,56° 45' 11.19'' N,2° 49' 43.61'' E
35/10-6,61° 11' 6.13'' N,3° 15' 10.71'' E
2/8-5,56° 29' 58.7'' N,3° 27' 19.7'' E
16/3-7,58° 45' 39.65'' N,2° 44' 42.53'' E
15/9-3,58° 29' 10.04'' N,1° 41' 38.46'' E
7435/12-1,74° 4' 18.21'' N,35° 48' 31.06'' E
31/2-9,60° 52' 54.34'' N,3° 28' 3.43'' E
25/8-9 A,59° 28' 6.08'' N,2° 30' 24.9'' E
6507/11-1,65° 4' 43.95'' N,7° 29' 23.31'' E
31/7-2 A,60° 24' 18.14'' N,3° 2' 23.75'' E
34/7-26 S,61° 16' 29.38'' N,2° 7' 11.41'' E
34/7-18,61° 19' 10.75'' N,2° 6' 40.26'' E
34/10-48 S,61° 12' 53.78'' N,2° 16' 27.79'' E
2/8-6,56° 15' 42.91'' N,3° 23' 40.81'' E
15/9-13,58° 22' 25.96'' N,1° 56' 2.86'' E
15/5-2,58° 38' 36.74'' N,1° 36' 16.48'' E
1/3-4,56° 56' 39.21'' N,2° 43' 0.23'' E
34/11-1,61° 4' 44.46'' N,2° 30' 22.74'' E
35/10-4 S,61° 8' 55.44'' N,3° 17' 4.98'' E
6406/3-3,64° 59' 49.18'' N,6° 53' 27.64'' E
33/12-6,61° 4' 36.41'' N,1° 57' 17.76'' E
34/10-45 S,61° 12' 9.93'' N,2° 12' 5.93'' E
6608/10-18 A,66° 6' 9.54'' N,8° 4' 23.11'' E
6706/12-2,67° 5' 8.64'' N,6° 52' 0.65'' E
2/7-31,56° 20' 12.4'' N,3° 5' 15.4'' E
6506/11-7,65° 10' 6.69'' N,6° 28' 12.96'' E
6204/10-2 R,62° 2' 41.24'' N,4° 7' 4.59'' E
1/6-6,56° 36' 41.13'' N,2° 57' 18.19'' E
6205/3-1 R,62° 57' 8.62'' N,5° 56' 38.11'' E
30/11-11 A,60° 4' 29.83'' N,2° 38' 8.82'' E
34/7-22,61° 16' 42.37'' N,2° 10' 18.72'' E
7335/3-1,73° 59' 49.86'' N,35° 50' 13.73'' E
2/1-3,56° 54' 41.39'' N,3° 6' 30.39'' E
7221/4-1,72° 36' 11.44'' N,21° 17' 51.4'' E
16/6-1,58° 42' 6'' N,2° 54' 44'' E
34/8-14 D,61° 18' 37.9'' N,2° 20' 32.9'' E
30/7-8 R,60° 29' 43.08'' N,2° 0' 20.56'' E
34/10-46 B,61° 10' 33.86'' N,2° 11' 23.22'' E
35/12-5 S,61° 13' 1.66'' N,3° 49' 39.22'' E
34/10-34 R,61° 13' 4.19'' N,2° 8' 4.69'' E
35/8-4,61° 21' 32.95'' N,3° 30' 20.41'' E
25/8-17 A,59° 23' 32.14'' N,2° 20' 2.2'' E
34/10-27 R,61° 10' 31.12'' N,2° 11' 23.96'' E
30/2-4 S,60° 51' 21.37'' N,2° 39' 0.53'' E
9/3-1,57° 49' 45.19'' N,4° 45' 58.38'' E
25/7-5,59° 29' 39.81'' N,2° 1' 3.44'' E
15/12-13 A,58° 2' 3.83'' N,1° 55' 4.57'' E
6603/12-1,66° 8' 52.35'' N,3° 56' 29.67'' E
6507/6-3,65° 38' 58.4'' N,7° 55' 37.6'' E
2/7-14 R,56° 29' 20.3'' N,3° 14' 2.65'' E
25/11-16,59° 7' 6.55'' N,2° 23' 6.2'' E
7/8-4,57° 15' 28.03'' N,2° 25' 46.23'' E
7120/12-3,71° 11' 43.31'' N,20° 46' 43.7'' E
25/11-15,59° 11' 3.5'' N,2° 29' 3.82'' E
15/9-21 S,58° 25' 4.55'' N,1° 43' 4.57'' E
2/2-6,56° 48' 17.52'' N,3° 26' 7.49'' E
15/12-13 B,58° 2' 3.83'' N,1° 55' 4.57'' E
17/9-1,58° 28' 27.26'' N,3° 50' 16.18'' E
6306/5-1,63° 41' 56.42'' N,6° 33' 35.29'' E
30/3-2,60° 47' 49.23'' N,2° 55' 18.06'' E
6406/11-1 S,64° 2' 45.9'' N,6° 36' 14.16'' E
33/5-2,61° 39' 47.14'' N,1° 37' 17.4'' E
6407/9-3,64° 19' 48.94'' N,7° 46' 30.91'' E
8/10-2,57° 8' 6.9'' N,3° 18' 9.5'' E
6706/12-1,67° 2' 43.3'' N,6° 52' 37.6'' E
31/4-3,60° 35' 12.2'' N,3° 5' 38.1'' E
30/6-15,60° 32' 18.49'' N,2° 45' 49.64'' E
7016/2-1,70° 50' 48.93'' N,16° 33' 33.23'' E
25/8-5 SR,59° 27' 27.1'' N,2° 21' 52.15'' E
34/6-2 S,61° 35' 24.47'' N,2° 45' 14.08'' E
35/10-3,61° 2' 47.96'' N,3° 7' 40.22'' E
15/9-15,58° 18' 7.45'' N,1° 55' 19.67'' E
16/3-6,58° 49' 7.86'' N,2° 42' 11.4'' E
32/4-3 S,60° 30' 37.59'' N,4° 9' 8.11'' E
6607/2-1,66° 49' 20.18'' N,7° 22' 15.5'' E
16/1-4,58° 51' 55.2'' N,2° 17' 56.12'' E
34/6-1 S,61° 34' 56.34'' N,2° 41' 7.7'' E
34/10-36,61° 6' 48.49'' N,2° 10' 35.15'' E
2/11-12 S,56° 10' 10.93'' N,3° 26' 12.54'' E
6407/1-3,64° 52' 25.48'' N,7° 2' 53.47'' E
25/2-14,59° 45' 53.52'' N,2° 35' 23.04'' E
15/9-23,58° 16' 29.1'' N,1° 52' 23.2'' E
34/10-20,61° 1' 20.39'' N,2° 17' 45.74'' E
35/8-6 A,61° 19' 41.65'' N,3° 20' 17.06'' E
30/8-1 SR,60° 27' 46.93'' N,2° 38' 6.53'' E
7/12-13 S,57° 1' 20.46'' N,2° 51' 24.4'' E
25/1-8 SR4,59° 54' 3.28'' N,2° 6' 9.79'' E
35/3-3,61° 51' 54.6'' N,3° 52' 25.8'' E
6706/12-3,67° 4' 5.85'' N,6° 43' 54.29'' E
34/10-24,61° 10' 32.65'' N,2° 11' 28.1'' E
6406/12-4 S,64° 1' 7.48'' N,6° 46' 31.29'' E
34/7-3,61° 25' 54.08'' N,2° 7' 43.89'' E
7324/3-1,73° 57' 27.39'' N,24° 41' 4.86'' E
2/7-15,56° 23' 46.82'' N,3° 18' 54.63'' E
6407/8-4 S,64° 26' 47.8'' N,7° 38' 54.2'' E
2/3-1,56° 53' 9.46'' N,3° 51' 38.08'' E
15/6-2,58° 32' 47.58'' N,1° 41' 54.09'' E
3/5-2,56° 32' 34.46'' N,4° 23' 11.1'' E
25/1-7,59° 55' 8.28'' N,2° 4' 52.33'' E
35/9-14,61° 25' 19.87'' N,3° 49' 41.93'' E
34/10-37 A,61° 8' 9.78'' N,2° 0' 55.81'' E
24/12-4,59° 11' 36.95'' N,1° 45' 42.69'' E
24/9-5,59° 29' 6.52'' N,1° 55' 10.82'' E
34/8-13 S,61° 24' 15.8'' N,2° 34' 52'' E
3/4-2 S,56° 38' 47.24'' N,4° 5' 38.18'' E
6507/12-1,65° 7' 1.62'' N,7° 42' 42.61'' E
30/10-4,60° 0' 25.07'' N,2° 4' 6.19'' E
6608/10-11 S,66° 0' 48.68'' N,8° 3' 14.73'' E
15/12-20 S,58° 4' 40.53'' N,1° 53' 25.77'' E
1/9-4,56° 29' 3.76'' N,2° 56' 0.29'' E
6507/10-1,65° 13' 10.75'' N,7° 14' 0.47'' E
6406/3-7,64° 46' 14.78'' N,6° 42' 28.95'' E
6406/12-3 A,64° 1' 52.32'' N,6° 45' 17.58'' E
7324/8-2,73° 24' 0.05'' N,24° 26' 41.6'' E
6407/8-1,64° 23' 29.16'' N,7° 21' 26.14'' E
34/4-4,61° 30' 20.85'' N,2° 14' 9.54'' E
7228/7-1 A,72° 15' 28.9'' N,28° 8' 59.7'' E
34/3-5,61° 46' 31.11'' N,2° 45' 41.15'' E
34/4-12 S,61° 33' 8'' N,2° 17' 37.7'' E
6305/9-2,63° 26' 51.86'' N,5° 54' 53.37'' E
33/9-3,61° 17' 55.13'' N,1° 53' 39.94'' E
6407/2-3,64° 56' 1.39'' N,7° 39' 53.04'' E
25/1-7 R4,59° 55' 8.28'' N,2° 4' 52.33'' E
7227/11-1 A,72° 14' 22.18'' N,27° 22' 14.89'' E
6406/2-7,64° 50' 22.89'' N,6° 20' 31.18'' E
15/5-1,58° 35' 4.37'' N,1° 39' 8.35'' E
6407/1-5 S,64° 59' 20.12'' N,7° 0' 17.16'' E
7120/5-1,71° 34' 51.86'' N,20° 26' 12.26'' E
34/3-2 S,61° 48' 45.06'' N,2° 49' 16.33'' E
35/9-10 A,61° 15' 7.02'' N,3° 41' 4.1'' E
34/7-28,61° 28' 7.55'' N,2° 1' 5.61'' E
2/5-8,56° 35' 16.5'' N,3° 26' 22.2'' E
6508/1-1 S,65° 57' 57.03'' N,8° 3' 15.03'' E
6407/1-8 S,64° 59' 55.64'' N,7° 11' 30.1'' E
17/12-4 A,58° 10' 37.58'' N,3° 55' 11.05'' E
6406/3-8,64° 56' 9.31'' N,6° 56' 33.42'' E
30/3-4 R,60° 45' 56.85'' N,2° 51' 30.2'' E
15/3-5,58° 47' 13.04'' N,1° 50' 34.11'' E
35/11-20 B,61° 13' 20.29'' N,3° 26' 25.57'' E
6507/5-1,65° 44' 36.11'' N,7° 39' 4.6'' E
2/5-12,56° 43' 18.5'' N,3° 34' 50.81'' E
6506/9-4 A,65° 15' 38.11'' N,6° 42' 35.62'' E
31/5-2,60° 43' 33.29'' N,3° 32' 52.74'' E
7218/8-1,72° 20' 0.7'' N,18° 28' 38.46'' E
2/1-12,56° 52' 13.28'' N,3° 18' 46.44'' E
2/4-6,56° 34' 0.4'' N,3° 5' 8.2'' E
34/7-37 S,61° 15' 17.74'' N,2° 1' 29.85'' E
6407/6-7 S,64° 33' 53'' N,7° 40' 26.7'' E
30/11-8 S,60° 13' 3.03'' N,2° 29' 22.2'' E
16/7-11 A,58° 22' 52.95'' N,2° 4' 5.04'' E
16/7-2,58° 28' 26.5'' N,2° 2' 3.12'' E
6406/3-10,64° 56' 16.19'' N,6° 46' 42.63'' E
25/11-9,59° 10' 14.02'' N,2° 22' 30.84'' E
7122/6-2,71° 35' 13.6'' N,22° 51' 21.54'' E
6406/2-6,64° 45' 31.34'' N,6° 22' 54.69'' E
34/7-5,61° 21' 54.95'' N,2° 1' 23.67'' E
6407/6-1,64° 38' 29.62'' N,7° 52' 31.53'' E
34/8-3 A,61° 24' 28.04'' N,2° 32' 45.06'' E
30/9-18,60° 17' 38.69'' N,2° 49' 22.59'' E
15/9-10,58° 19' 42.92'' N,1° 46' 20.61'' E
35/9-4 SR,61° 19' 32.5'' N,3° 57' 55.23'' E
7/1-2 S,57° 55' 57.09'' N,2° 4' 10.82'' E
30/12-2,60° 1' 42.76'' N,2° 46' 3.34'' E
30/6-2,60° 32' 12.16'' N,2° 46' 11.11'' E
6406/6-6 S,64° 35' 47.57'' N,6° 51' 14.34'' E
6404/11-1,64° 10' 11.91'' N,4° 21' 36.65'' E
31/2-3,60° 50' 27.84'' N,3° 35' 10.82'' E
34/2-2,61° 46' 16.83'' N,2° 33' 11.38'' E
25/2-19 S,59° 52' 28.37'' N,2° 37' 45.61'' E
24/9-12 A,59° 20' 58.95'' N,1° 49' 48.47'' E
2/10-2,56° 13' 8.48'' N,3° 6' 41.62'' E
7/12-12 S,57° 6' 41.19'' N,2° 50' 50.73'' E
25/2-12,59° 57' 48.34'' N,2° 23' 40.78'' E
2/1-7,56° 51' 51.32'' N,3° 5' 40.36'' E
7120/1-1 R,71° 55' 0.83'' N,20° 18' 7.13'' E
30/6-8,60° 32' 11.92'' N,2° 58' 20.59'' E
25/11-21 S,59° 9' 43.43'' N,2° 27' 53.07'' E
7/12-5,57° 9' 49.01'' N,2° 46' 42.35'' E
35/12-6 S,61° 13' 45.08'' N,3° 45' 25.28'' E
30/6-19,60° 42' 58.03'' N,2° 54' 54.18'' E
2/11-3,56° 10' 53.74'' N,3° 27' 51.78'' E
7/11-12 S,57° 0' 54.51'' N,2° 36' 13.54'' E
9/4-3,57° 36' 54.5'' N,4° 18' 57.7'' E
6506/11-3,65° 13' 58.44'' N,6° 22' 26.89'' E
34/10-54 A,61° 7' 32.7'' N,2° 18' 35.5'' E
16/4-11,58° 40' 16.11'' N,2° 14' 25.3'' E
33/12-8 A,61° 4' 38.44'' N,1° 57' 56.22'' E
25/5-6,59° 44' 18.85'' N,2° 23' 52.81'' E
25/2-18 C,59° 49' 30.11'' N,2° 37' 54.1'' E
25/11-6,59° 10' 58.63'' N,2° 23' 39.13'' E
16/1-16 A,58° 54' 47.78'' N,2° 15' 54.62'' E
2/1-11,56° 47' 35.28'' N,3° 3' 58.16'' E
34/10-15,61° 10' 30.06'' N,2° 14' 44.57'' E
16/10-4,58° 4' 59.56'' N,2° 11' 57.2'' E
6608/11-1,66° 1' 4.02'' N,8° 23' 38.67'' E
15/6-11 A,58° 34' 8.62'' N,1° 42' 10.61'' E
6510/2-1 R,65° 47' 15.6'' N,10° 25' 51.33'' E
34/7-11,61° 16' 17.2'' N,2° 6' 47.1'' E
6710/10-1,67° 5' 51.73'' N,10° 8' 46.78'' E
2/7-27 S,56° 19' 59.81'' N,3° 14' 53.77'' E
6506/11-11 S,65° 12' 10.5'' N,6° 22' 46.77'' E
6406/2-8,64° 45' 13.87'' N,6° 30' 6.38'' E
15/2-1,58° 45' 19.3'' N,1° 35' 40.58'' E
7/12-8,57° 5' 1.28'' N,2° 53' 52.26'' E
34/7-14,61° 15' 32.24'' N,2° 6' 58.05'' E
15/12-25,58° 4' 8.33'' N,1° 49' 42.79'' E
2/4-4,56° 30' 47.9'' N,3° 12' 39.48'' E
16/4-8 S,58° 39' 53.32'' N,2° 16' 24.76'' E
2/1-9 A,56° 51' 37.77'' N,3° 5' 4.77'' E
7219/11-1,72° 11' 46.64'' N,19° 38' 16.23'' E
16/2-17 S,58° 48' 15.92'' N,2° 31' 46.03'' E
6507/3-6,65° 47' 47.37'' N,7° 55' 16.5'' E
32/4-1,60° 43' 19.9'' N,4° 4' 36.7'' E
16/1-8 A,58° 50' 8.63'' N,2° 14' 6.36'' E
25/1-7 R2,59° 55' 8.28'' N,2° 4' 52.33'' E
34/10-21,61° 7' 33.04'' N,2° 8' 54.53'' E
35/3-6,61° 53' 36.86'' N,3° 59' 15.79'' E
6506/11-12 S,65° 8' 48.29'' N,6° 20' 32.24'' E
24/9-9 A,59° 19' 40.49'' N,1° 50' 17.27'' E
1/9-3,56° 24' 55.68'' N,2° 54' 15.22'' E
6507/11-10,65° 5' 29.53'' N,7° 35' 46.63'' E
25/4-11,59° 44' 58.92'' N,2° 9' 18.66'' E
7120/2-3 S,71° 47' 20.97'' N,20° 21' 44.23'' E
31/2-17 A,60° 52' 57.08'' N,3° 27' 5.79'' E
34/8-4 A,61° 19' 29.58'' N,2° 25' 18.67'' E
6610/3-1 R,66° 55' 29.7'' N,10° 54' 6.28'' E
25/2-22 S,59° 52' 51.32'' N,2° 28' 0.4'' E
35/2-1,61° 53' 26.68'' N,3° 20' 34.36'' E
8/10-4 B,57° 3' 53.8'' N,3° 2' 43.6'' E
30/2-3,60° 50' 49.05'' N,2° 39' 19.68'' E
6406/5-1,64° 37' 16.62'' N,6° 36' 3.13'' E
33/2-1,61° 59' 30.66'' N,1° 32' 42.49'' E
24/9-12 S,59° 20' 58.95'' N,1° 49' 48.47'' E
30/11-4,60° 2' 43.96'' N,2° 32' 39.47'' E
25/12-1,59° 1' 47'' N,2° 49' 17.1'' E
35/2-3,61° 49' 1.9'' N,3° 35' 10.1'' E
16/1-22 B,58° 54' 23.09'' N,2° 9' 43.41'' E
16/2-16 A,58° 51' 1.14'' N,2° 35' 50.55'' E
25/2-7,59° 54' 20.41'' N,2° 38' 25.87'' E
2/7-26 S,56° 19' 59.59'' N,3° 14' 53.55'' E
30/11-12 S,60° 5' 0.26'' N,2° 35' 36.16'' E
15/9-2,58° 25' 34.06'' N,1° 42' 28.2'' E
6406/9-2,64° 28' 34.83'' N,6° 48' 9.46'' E
34/4-15 S,61° 33' 45.84'' N,2° 2' 37.52'' E
6406/2-1 R,64° 52' 15.19'' N,6° 36' 21.35'' E
30/9-2 R,60° 27' 53'' N,2° 49' 13.03'' E
34/4-10,61° 37' 33.33'' N,2° 4' 30.47'' E
6507/11-4,65° 8' 10.28'' N,7° 26' 3.45'' E
25/11-23,59° 14' 7.23'' N,2° 21' 4.64'' E
25/8-5 S,59° 27' 27.1'' N,2° 21' 52.15'' E
1/6-5,56° 32' 21.57'' N,2° 48' 4.77'' E
15/9-1,58° 28' 19'' N,1° 45' 11.76'' E
30/9-14,60° 23' 11.12'' N,2° 42' 19.37'' E
31/2-7,60° 51' 25.93'' N,3° 27' 9.21'' E
15/3-1 S,58° 50' 57'' N,1° 43' 13.25'' E
15/12-16 S,58° 1' 40.39'' N,1° 55' 27.97'' E
7121/1-2 S,71° 47' 38.4'' N,21° 7' 30.53'' E
15/6-3,58° 30' 15.84'' N,1° 42' 39.49'' E
6406/1-2,64° 55' 32.23'' N,6° 7' 55.71'' E
7220/11-5 S,72° 1' 21.13'' N,20° 29' 21.26'' E
6705/10-1,67° 0' 58.4'' N,5° 17' 47.8'' E
31/6-2 R,60° 34' 58.24'' N,3° 54' 55.76'' E
7/11-10 S,57° 7' 12.51'' N,2° 29' 10.56'' E
34/2-2 R,61° 46' 16.83'' N,2° 33' 11.38'' E
2/8-11,56° 16' 56.3'' N,3° 22' 15.61'' E
35/11-19 S,61° 13' 21.45'' N,3° 26' 27.88'' E
6605/1-1,66° 48' 23.7'' N,5° 10' 32.6'' E
34/7-E-4 AH,61° 23' 54.82'' N,2° 4' 4.53'' E
30/11-2,60° 7' 33.2'' N,2° 39' 5.2'' E
34/3-1 A,61° 48' 46.49'' N,2° 46' 47.16'' E
6507/11-3,65° 1' 59.8'' N,7° 30' 42.34'' E
31/5-4 AR,60° 43' 16.19'' N,3° 33' 43.06'' E
35/7-1 S,61° 21' 38.86'' N,3° 13' 11.73'' E
30/9-11 A,60° 19' 27.89'' N,2° 55' 44'' E
6609/6-1,66° 41' 59.67'' N,9° 56' 1.23'' E
3/4-1,56° 40' 53.56'' N,4° 15' 39.09'' E
25/11-22,59° 9' 40.27'' N,2° 31' 26.13'' E
6507/5-7,65° 32' 29.71'' N,7° 34' 25.68'' E
30/7-6,60° 29' 29.82'' N,2° 3' 26.14'' E
7122/10-1 S,71° 10' 17.38'' N,22° 12' 28.59'' E
6707/10-1,67° 4' 7.85'' N,7° 0' 36.51'' E
6201/11-1,62° 1' 52.73'' N,1° 30' 50.37'' E
6407/1-7,64° 57' 44.68'' N,7° 14' 6.28'' E
35/11-8 S,61° 5' 25.53'' N,3° 32' 14.85'' E
7120/12-1,71° 6' 48.71'' N,20° 45' 20.13'' E
34/4-15 A,61° 33' 45.84'' N,2° 2' 37.52'' E
33/12-2,61° 13' 31.18'' N,1° 51' 25.97'' E
35/9-1,61° 23' 7.95'' N,3° 59' 3.72'' E
30/7-1,60° 29' 27.59'' N,2° 1' 34.49'' E
6403/6-1,64° 36' 30.46'' N,3° 43' 9.58'' E
2/4-10,56° 40' 41.6'' N,3° 13' 21.7'' E
15/9-19 B,58° 26' 9.25'' N,1° 55' 47.05'' E
15/9-12 R,58° 27' 23.17'' N,1° 43' 4.01'' E
30/6-16,60° 39' 31.72'' N,2° 41' 37.64'' E
34/10-52 A,61° 4' 14.75'' N,2° 11' 31.5'' E
24/9-13 B,59° 17' 51.93'' N,1° 46' 2.34'' E
16/1-13,58° 51' 17.39'' N,2° 15' 17.8'' E
2/1-10,56° 57' 53.61'' N,3° 1' 19.7'' E
25/8-18 S,59° 15' 1.15'' N,2° 37' 0.57'' E
2/7-13,56° 29' 34.74'' N,3° 1' 58.38'' E
16/1-9,58° 54' 48.04'' N,2° 12' 7.25'' E
6605/8-1,66° 21' 51.93'' N,5° 34' 39.23'' E
25/7-8 S,59° 16' 32.93'' N,2° 17' 14.84'' E
15/12-10 S,58° 4' 40.48'' N,1° 53' 25.56'' E
15/9-19 A,58° 26' 9.25'' N,1° 55' 47.05'' E
6204/10-1,62° 3' 20.5'' N,4° 15' 36.6'' E
9/2-11,57° 55' 21.46'' N,4° 33' 35.71'' E
30/10-2,60° 4' 58.87'' N,2° 9' 42.76'' E
18/10-1,58° 4' 38.25'' N,4° 7' 0.83'' E
7/11-1,57° 4' 15.6'' N,2° 26' 24.4'' E
2/8-2,56° 29' 52.85'' N,3° 28' 33.6'' E
25/7-6,59° 29' 15.04'' N,2° 0' 37.34'' E
6/3-2,57° 54' 25.99'' N,1° 59' 14.19'' E
6406/2-2,64° 49' 46.35'' N,6° 34' 15.43'' E
35/11-3 S,61° 5' 12.24'' N,3° 20' 18.47'' E
31/4-4,60° 40' 1.12'' N,3° 6' 54.12'' E
2/5-14 A,56° 36' 25.78'' N,3° 26' 2.53'' E
16/2-16,58° 51' 1.14'' N,2° 35' 50.55'' E
6608/11-4,66° 11' 56.23'' N,8° 25' 48.05'' E
25/10-16 C,59° 2' 13.13'' N,2° 13' 41.38'' E
15/5-2 R,58° 38' 36.74'' N,1° 36' 16.48'' E
15/12-14,58° 4' 40.47'' N,1° 53' 25.84'' E
33/9-12,61° 19' 12.04'' N,1° 59' 36.42'' E
6608/10-7 A,66° 4' 41.5'' N,8° 14' 43.28'' E
2/7-21 S,56° 19' 59.65'' N,3° 14' 53.89'' E
34/7-16,61° 23' 13.06'' N,2° 6' 59.12'' E
31/4-1,60° 36' 18.2'' N,3° 0' 32.3'' E
34/7-23 A,61° 20' 24.89'' N,2° 4' 31.54'' E
25/11-10,59° 10' 8.74'' N,2° 20' 58'' E
6507/7-5 A,65° 21' 30.27'' N,7° 17' 35.08'' E
30/4-3 S,60° 30' 22.44'' N,2° 0' 53.37'' E
36/4-1,61° 43' 56.6'' N,4° 2' 1.29'' E
25/5-5,59° 33' 16.17'' N,2° 20' 40.46'' E
2/8-15,56° 25' 5.14'' N,3° 28' 58.96'' E
6710/6-1,67° 38' 15.42'' N,10° 45' 3.32'' E
6506/12-7,65° 10' 4.38'' N,6° 54' 38.87'' E
2/7-30,56° 26' 22.49'' N,3° 16' 25.5'' E
16/9-1,58° 22' 41.48'' N,2° 48' 16.99'' E
34/7-34 A,61° 23' 22.5'' N,2° 8' 32.3'' E
30/3-8 A,60° 46' 57.87'' N,2° 53' 52.27'' E
7/12-3 A,57° 6' 24.54'' N,2° 48' 41.56'' E
31/5-4 AR2,60° 43' 16.19'' N,3° 33' 43.06'' E
34/4-3,61° 36' 32.95'' N,2° 7' 34.42'' E
2/7-3,56° 23' 1.7'' N,3° 14' 44.6'' E
15/12-21 A,58° 13' 40.47'' N,1° 52' 56.82'' E
15/9-12,58° 27' 23.17'' N,1° 43' 4.01'' E
6507/7-5,65° 21' 30.27'' N,7° 17' 35.08'' E
7121/4-1,71° 35' 59.68'' N,21° 9' 22.79'' E
30/6-25 S,60° 30' 45.16'' N,2° 43' 15.85'' E
34/10-46 A,61° 10' 33.86'' N,2° 11' 23.22'' E
15/9-7,58° 22' 56.07'' N,1° 42' 45.99'' E
16/5-1,58° 38' 53.66'' N,2° 29' 39.69'' E
9/10-1,57° 0' 4.02'' N,4° 0' 33.52'' E
6506/11-9 S,65° 10' 18.54'' N,6° 37' 21.26'' E
25/2-12 A,59° 57' 48.34'' N,2° 23' 40.78'' E
7220/6-2 R,72° 34' 13.1'' N,20° 58' 19.66'' E
15/6-9 B,58° 35' 13.71'' N,1° 44' 34.87'' E
7324/9-1,73° 19' 29.28'' N,24° 50' 24.24'' E
7226/11-1,72° 14' 18.16'' N,26° 28' 44.78'' E
30/6-11,60° 43' 29.38'' N,2° 44' 41.82'' E
34/10-22,61° 10' 33.5'' N,2° 11' 15.32'' E
7120/10-2,71° 5' 34.8'' N,20° 14' 28.31'' E
31/2-11,60° 49' 27.76'' N,3° 25' 30.16'' E
7220/11-4,72° 2' 27.88'' N,20° 33' 7.97'' E
15/6-13 B,58° 36' 55.48'' N,1° 45' 40.58'' E
34/7-32,61° 26' 50.26'' N,2° 3' 16.19'' E
6406/9-1,64° 26' 46.85'' N,6° 48' 55.23'' E
34/8-14 C,61° 18' 37.9'' N,2° 20' 32.9'' E
16/7-1,58° 20' 22.38'' N,2° 18' 49.96'' E
25/10-10,59° 11' 5.51'' N,2° 17' 50.7'' E
30/11-12 A,60° 5' 0.26'' N,2° 35' 36.16'' E
31/1-2 S,60° 57' 4.79'' N,3° 18' 33.26'' E
15/9-19 S,58° 26' 9.25'' N,1° 55' 47.05'' E
9/2-2,57° 52' 44.35'' N,4° 24' 0.69'' E
35/11-24 A,61° 5' 40.68'' N,3° 23' 59.11'' E
1/6-4,56° 44' 52.06'' N,2° 42' 23.64'' E
6507/3-3,65° 48' 3.73'' N,7° 43' 28.69'' E
2/8-7,56° 26' 49.8'' N,3° 36' 50.6'' E
1/9-3 R,56° 24' 55.68'' N,2° 54' 15.22'' E
7121/1-1,71° 56' 25.74'' N,21° 4' 36.52'' E
16/2-8,58° 48' 57'' N,2° 32' 30.6'' E
34/10-33 CR,61° 7' 34.44'' N,2° 12' 57.1'' E
2/4-11,56° 44' 45.9'' N,3° 13' 21.8'' E
25/2-15 R,59° 48' 53.54'' N,2° 30' 6.2'' E
25/9-2 S,59° 22' 56.26'' N,2° 41' 46.89'' E
7121/7-2,71° 26' 37.91'' N,21° 3' 21.42'' E
34/8-2,61° 22' 10.51'' N,2° 31' 36.09'' E
2/9-5 S,56° 24' 45.5'' N,3° 55' 6.08'' E
30/8-5,60° 28' 15.43'' N,2° 36' 15.58'' E
7130/4-1,71° 31' 58.72'' N,30° 10' 7.78'' E
16/1-1,58° 59' 18.4'' N,2° 2' 3'' E
15/9-17,58° 26' 44.19'' N,1° 56' 53.58'' E
25/2-10 S,59° 53' 11.8'' N,2° 30' 8.33'' E
30/11-10 A,60° 14' 4.27'' N,2° 30' 37.16'' E
2/11-8,56° 8' 8.6'' N,3° 20' 46.64'' E
31/2-4,60° 51' 23.57'' N,3° 30' 44.33'' E
16/2-7,58° 46' 47.77'' N,2° 39' 16.28'' E
7/11-13,57° 14' 26.71'' N,2° 26' 34.75'' E
30/9-22,60° 17' 31.78'' N,2° 42' 5.84'' E
25/4-10 A,59° 30' 51.43'' N,2° 0' 13.78'' E
6305/12-2,63° 1' 11.39'' N,5° 40' 6.44'' E
6407/10-5,64° 12' 41.65'' N,7° 16' 34.29'' E
30/6-29 S,60° 36' 29.43'' N,2° 46' 33.76'' E
6507/3-12 A,65° 58' 3.95'' N,7° 56' 1.53'' E
6406/12-2,64° 6' 13.08'' N,6° 51' 43.06'' E
30/4-2,60° 31' 1.1'' N,2° 2' 46.22'' E
15/6-9 A,58° 35' 13.71'' N,1° 44' 34.87'' E
34/10-38 S,61° 4' 23.27'' N,2° 1' 37.18'' E
2/1-9,56° 51' 37.77'' N,3° 5' 4.77'' E
6507/7-7,65° 17' 52.25'' N,7° 18' 50.65'' E
31/6-3,60° 30' 4.77'' N,3° 59' 53.57'' E
6507/5-3,65° 35' 20.85'' N,7° 24' 36.93'' E
16/4-4,58° 31' 48'' N,2° 8' 59.8'' E
34/8-10 S,61° 21' 17.3'' N,2° 27' 19.5'' E
34/10-54 S,61° 7' 32.7'' N,2° 18' 35.5'' E
34/7-25 S,61° 15' 9.24'' N,2° 8' 41.14'' E
16/2-17 A,58° 48' 15.92'' N,2° 31' 46.03'' E
2/1-2,56° 57' 30.76'' N,3° 12' 32.07'' E
6506/9-4 S,65° 15' 38.11'' N,6° 42' 35.62'' E
15/12-12,58° 1' 40.68'' N,1° 55' 28.34'' E
16/1-22 A,58° 54' 23.09'' N,2° 9' 43.41'' E
35/9-8,61° 17' 6.97'' N,3° 40' 32.14'' E
6405/7-1,64° 17' 16.42'' N,5° 7' 58.6'' E
16/7-7 S,58° 17' 6.53'' N,2° 3' 51.01'' E
7119/12-3,71° 14' 20.18'' N,19° 44' 37.92'' E
31/6-5,60° 37' 6.8'' N,3° 48' 20.98'' E
16/1-29 S,58° 58' 22.21'' N,2° 17' 44.19'' E
16/4-10,58° 35' 3.07'' N,2° 10' 21.94'' E
31/10-1,60° 5' 10.41'' N,3° 0' 4.01'' E
6406/12-1 S,64° 4' 11.14'' N,6° 43' 56.91'' E
35/9-12 S,61° 15' 28.34'' N,3° 44' 46.61'' E
25/11-19 S,59° 12' 48.48'' N,2° 24' 6.88'' E
30/11-9 A,60° 6' 10.86'' N,2° 35' 13.44'' E
7120/9-1,71° 29' 26.57'' N,20° 56' 49.47'' E
35/9-6 S,61° 22' 16.29'' N,3° 41' 33.54'' E
25/10-16 S,59° 2' 13.13'' N,2° 13' 41.38'' E
6407/7-7 S,64° 17' 40.1'' N,7° 7' 10.5'' E
15/6-8 S,58° 32' 57.58'' N,1° 52' 55.9'' E
34/11-5 S,61° 4' 49.01'' N,2° 29' 59'' E
31/7-2 S,60° 24' 18.14'' N,3° 2' 23.75'' E
31/4-11,60° 36' 42.58'' N,3° 6' 1.74'' E
34/7-2,61° 17' 57.16'' N,2° 9' 40.9'' E
6406/1-3 R,64° 54' 25.97'' N,6° 8' 25.34'' E
6705/7-1,67° 15' 5.14'' N,5° 10' 29.12'' E
7/11-8,57° 12' 49.94'' N,2° 31' 46.5'' E
2/4-15 SR,56° 40' 27.25'' N,3° 8' 38.79'' E
31/4-5,60° 33' 30.92'' N,3° 3' 25.17'' E
6506/12-2,65° 1' 29.85'' N,6° 53' 29.41'' E
33/9-1,61° 15' 7.29'' N,1° 50' 25.54'' E
2/8-17 A,56° 27' 21.19'' N,3° 36' 5.18'' E
9/2-9 S,57° 45' 15.19'' N,4° 21' 20.58'' E
2/1-1,56° 45' 26.6'' N,3° 12' 18.8'' E
25/4-8,59° 30' 52.34'' N,2° 3' 47.24'' E
25/9-1,59° 26' 58.72'' N,2° 42' 35.67'' E
7121/5-3,71° 30' 55.53'' N,21° 39' 42.61'' E
34/4-8,61° 35' 4.02'' N,2° 10' 9.73'' E
16/1-31 S,58° 51' 47.5'' N,2° 18' 12.35'' E
35/11-24 S,61° 5' 40.68'' N,3° 23' 59.11'' E
6610/2-1 S,66° 48' 48.73'' N,10° 30' 26.7'' E
31/2-5 R2,60° 46' 16.2'' N,3° 25' 53.46'' E
30/6-21 R,60° 38' 34.88'' N,2° 43' 47.6'' E
25/8-19 S,59° 20' 13.21'' N,2° 21' 53.27'' E
30/6-9 R,60° 30' 2.5'' N,2° 46' 53.4'' E
25/11-4,59° 9' 37.3'' N,2° 23' 26.53'' E
16/1-19 S,58° 54' 24.39'' N,2° 18' 14.14'' E
15/12-24 S,58° 7' 26.75'' N,1° 55' 22.59'' E
35/9-14 A,61° 25' 19.87'' N,3° 49' 41.93'' E
25/7-9 S,59° 15' 17.13'' N,2° 18' 51.74'' E
30/6-30,60° 43' 6.71'' N,2° 44' 3.43'' E
6608/11-9,66° 2' 54.07'' N,8° 22' 34.16'' E
7227/11-1 S,72° 14' 22.18'' N,27° 22' 14.89'' E
6406/1-4,64° 54' 34.09'' N,6° 8' 30.84'' E
34/7-26 A,61° 16' 29.38'' N,2° 7' 11.41'' E
17/12-1 R,58° 11' 17.3'' N,3° 56' 22.2'' E
7220/5-1,72° 31' 0.67'' N,20° 20' 29.15'' E
6407/2-5 S,64° 50' 55.69'' N,7° 38' 5.7'' E
25/10-14 S,59° 10' 1.21'' N,2° 14' 43.46'' E
7220/7-3 S,72° 24' 8.73'' N,20° 8' 2.69'' E
2/5-3,56° 35' 50.8'' N,3° 26' 58.8'' E
30/9-28 S,60° 25' 52.58'' N,2° 44' 39.78'' E
16/5-6,58° 32' 40.41'' N,2° 31' 45.5'' E
15/12-1,58° 10' 32.6'' N,1° 44' 23.1'' E
6608/10-9,66° 3' 44.15'' N,8° 13' 19.57'' E
30/6-9,60° 30' 2.5'' N,2° 46' 53.4'' E
24/12-3 S,59° 5' 57.53'' N,1° 47' 23.33'' E
31/6-7,60° 33' 19.68'' N,3° 40' 39.04'' E
6608/10-17 S,66° 4' 16.19'' N,8° 3' 36.03'' E
15/12-18 A,58° 12' 53.07'' N,1° 46' 40.43'' E
6707/10-2 A,67° 2' 48.8'' N,7° 3' 38.3'' E
35/9-11 S,61° 21' 25.6'' N,3° 40' 44.55'' E
34/7-17 A,61° 20' 50.69'' N,2° 5' 42.31'' E
25/10-6 S,59° 8' 8.69'' N,2° 1' 37.54'' E
16/2-21,58° 46' 40.76'' N,2° 36' 38.77'' E
2/11-2,56° 10' 51.2'' N,3° 25' 25.9'' E
4/4-1 A,56° 38' 8.65'' N,5° 8' 11.53'' E
15/3-8,58° 51' 27.8'' N,1° 43' 17'' E
16/2-11,58° 48' 13.06'' N,2° 34' 19.92'' E
7219/12-2 A,72° 5' 12.66'' N,19° 59' 10.01'' E
2/5-13,56° 42' 3.6'' N,3° 23' 27'' E
30/6-1,60° 33' 15.1'' N,2° 46' 38.36'' E